250.0,700.0,7.864377004,6.40470984,2.384328969,7.927875437,17745115.0,16.0,169.9209247,169.074612624
101.0,670.0,3.369851181,5.271928523,2.76796072,1.729157069,11973491.0,16.0,190.4459047,245.789491409
452.0,474.0,5.452382839,7.99827473,3.696698114,1.20264863,17478811.0,16.0,316.9529693,312.358373364
264.0,534.0,4.896078465,7.653718489,3.586582467,6.200184229,10326324.0,16.0,79.83881688,100.75895472
734.0,507.0,8.869488419,7.922697483,2.405084339,8.571619118,14346745.0,16.0,142.3249111,153.08267354
785.0,858.0,9.885543669,2.092596842,3.621432754,5.324670522,12597856.0,16.0,314.9577181,222.54465333
781.0,198.0,9.295857613,9.492736944,5.722858818,2.461391463,14790893.0,16.0,246.3679047,257.086774983
930.0,487.0,2.41526681,4.184758522,7.09882125,6.553053593,17556400.0,16.0,171.8538516,150.187170847
213.0,855.0,3.78051247,6.783010439,2.316596944,3.129514189,17585133.0,16.0,214.0826252,251.284304009
398.0,795.0,2.349436057,1.88947461,1.101659486,5.124790932,13920972.0,16.0,146.586262,147.090511892
521.0,199.0,5.512942301,5.869471833,1.021495229,9.560495791,19353642.0,16.0,117.4696991,150.10684195
807.0,187.0,6.754214353,6.571533528,8.215234827,3.870881015,10300294.0,16.0,144.9458563,168.104707377
754.0,252.0,4.673112277,3.829707417,1.149070462,4.707756106,17514842.0,16.0,204.2141094,180.113048596
407.0,595.0,4.334710577,1.130677288,5.345120936,3.933544498,13773957.0,16.0,167.7256894,182.758655537
121.0,887.0,2.947959259,3.790088853,6.972952916,2.164382775,10538693.0,16.0,166.1563115,222.736666513
571.0,658.0,8.242348645,2.391009929,4.242322873,3.656011057,13893195.0,16.0,317.0667033,252.373304178
380.0,858.0,9.314340714,3.451577299,2.683706274,7.236261005,16457767.0,16.0,263.0878675,232.510375787
572.0,791.0,7.379730735,7.207265956,6.54664625,4.93453427,11888391.0,16.0,173.3381839,180.708408419
817.0,579.0,4.583854444,1.443809485,5.766658294,4.602718394,17459535.0,16.0,249.83972,190.063668541
482.0,981.0,6.560043597,5.541628403,3.454114649,8.107086752,11342985.0,16.0,112.6865151,143.781244281
122.0,194.0,7.085315014,7.999331251,1.053286489,6.860997453,17854404.0,16.0,130.6921151,164.988502861
402.0,939.0,6.372782236,6.995233999,1.914204622,1.535342492,10440911.0,16.0,224.3329043,257.10371151
987.0,203.0,4.204972497,9.719321281,3.628315169,5.077067329,11081196.0,16.0,109.373014,126.658307113
438.0,350.0,3.587043011,4.968833026,4.040242238,7.403005441,14562776.0,16.0,97.2693944,99.6381340202
953.0,520.0,7.214063304,4.397426475,5.220283046,5.172651695,18281890.0,16.0,294.3570249,232.333696687
582.0,259.0,2.032610573,7.98664498,5.0372013,9.614484182,18450437.0,16.0,127.8919477,138.834417768
882.0,621.0,4.983758591,2.08890048,5.871085093,4.942231487,13597805.0,16.0,214.3201156,185.14952317
570.0,579.0,3.535211371,8.127425483,2.05959326,7.502795385,14852347.0,16.0,102.3902249,118.83475907
679.0,660.0,3.922156921,2.570806252,7.183324889,1.218564153,10786624.0,16.0,326.6557884,282.565585631
772.0,367.0,3.650672399,1.598216398,4.523972794,2.772981553,18994680.0,16.0,299.6746836,266.750620415
599.0,497.0,3.790842601,7.990127728,5.107305334,7.034283011,11221250.0,16.0,80.70313907,105.222710329
637.0,765.0,5.957334789,2.169172179,5.014100668,1.175660973,13554125.0,16.0,397.4447479,397.4447479
220.0,144.0,9.235895473,1.724454634,9.860658638,2.517383803,10312243.0,16.0,131.6566286,207.26335646
971.0,122.0,8.547774985,1.048646841,6.402038067,4.64830735,18886455.0,16.0,193.3048353,224.406722103
747.0,133.0,8.977078868,4.63920343,4.346827453,8.467135337,12827340.0,16.0,117.5916853,136.832462636
938.0,205.0,5.059141084,6.221767327,1.797022264,1.825128793,12575093.0,16.0,256.0548043,265.756311349
675.0,841.0,7.049033012,5.609434812,7.771797274,5.60637143,19512795.0,16.0,284.4432838,226.987707824
658.0,724.0,6.251843576,3.51387766,4.667401215,8.104518975,15015782.0,16.0,164.5120335,159.306242251
815.0,486.0,8.650463813,2.327069244,1.688310539,4.828829216,16270389.0,16.0,305.3371487,234.631626308
366.0,533.0,3.954691497,8.068865871,8.59322384,5.294592212,16519242.0,16.0,131.9937513,141.895227457
203.0,499.0,4.745770524,7.947793411,6.395922946,7.809587236,18472892.0,16.0,108.3882341,129.192886682
254.0,182.0,5.348741922,4.268497985,2.7707555,3.054974128,15568930.0,16.0,195.9368157,230.363993236
766.0,500.0,5.263924826,6.86671575,2.642749596,5.676764086,12012962.0,16.0,128.9759181,146.761473818
667.0,246.0,9.565863807,9.522616408,8.218612209,5.229769034,13262078.0,16.0,171.1520314,169.32941004
414.0,639.0,2.757791642,8.594599736,7.472042701,8.676202166,18170524.0,16.0,114.5740628,133.403927778
982.0,835.0,3.17882598,5.064337248,3.319919348,1.820688684,10313743.0,16.0,268.642175,273.666823072
517.0,146.0,5.962087829,2.223035519,6.645932376,9.095659032,11764271.0,16.0,74.9494741,90.6188358873
553.0,404.0,8.39969126,2.222414934,4.606282371,7.248909162,18824149.0,16.0,230.1001685,197.277655792
526.0,724.0,4.509425443,7.435854796,6.634256941,3.266585981,15710802.0,16.0,231.6935508,260.74672609
848.0,431.0,6.359122816,9.613086092,5.512061296,3.720720875,13637646.0,16.0,215.6640599,218.612530006
302.0,687.0,8.655077596,9.26349054,9.047668394,8.283418623,16587166.0,16.0,151.7561166,157.247821934
232.0,351.0,1.609141086,2.428224226,1.122582255,7.18425578,15239813.0,16.0,100.339829,105.764617369
587.0,121.0,9.413332731,3.060031679,2.616333769,7.177792171,12697435.0,16.0,131.4447148,152.089154511
888.0,332.0,4.766774148,4.551294319,4.188736151,8.526863622,15754231.0,16.0,123.8483994,128.20893736
238.0,772.0,3.243382194,7.499557959,8.813762913,6.226026,15061503.0,16.0,103.6416605,125.542796588
571.0,411.0,6.009776065,1.661396778,3.827037314,9.586468743,15903954.0,16.0,124.7157431,131.000630831
227.0,215.0,6.505991334,5.551099224,7.490027693,8.29989745,17161533.0,16.0,112.1201203,134.048459601
550.0,611.0,5.486238513,1.891135695,7.632365361,3.490506868,15951170.0,16.0,309.3612666,267.431240905
571.0,750.0,2.221853143,5.20460331,2.575783418,5.589658005,11671672.0,16.0,104.9563336,133.095645321
320.0,384.0,3.34780446,3.029383968,4.815402645,1.277957375,16773052.0,16.0,341.3489547,294.837239955
821.0,576.0,8.76682338,2.64103218,6.943954713,6.72587293,11446329.0,16.0,191.3818588,161.889212834
919.0,219.0,8.103469211,6.395932054,3.338647053,7.121406317,15566595.0,16.0,165.7227318,169.395954238
688.0,866.0,6.001865998,3.351784613,8.041298151,6.966851558,18113568.0,16.0,241.3766155,198.555862077
127.0,892.0,5.573295191,5.712840185,9.010985372,5.407100579,10332374.0,16.0,105.2558377,137.359429307
856.0,738.0,3.292143002,6.598981187,9.931109354,1.145687914,18912974.0,16.0,528.6747754,363.428830607
743.0,553.0,2.51045099,4.494562917,2.975283632,1.78891994,11901906.0,16.0,254.7554278,234.968391935
765.0,706.0,3.182247654,1.782220449,2.582447182,7.419423242,10478680.0,16.0,113.481262,120.329646116
722.0,230.0,2.125925097,7.376418115,2.50676117,5.129930662,19240291.0,16.0,150.1772637,149.5513265
940.0,893.0,3.53515096,1.678128729,3.745602433,4.977047494,13327150.0,16.0,213.6780736,188.250767141
798.0,823.0,9.986159585,2.625042048,3.691102301,7.556938111,15709429.0,16.0,280.2840743,217.002642959
749.0,493.0,4.901284106,8.769087706,7.086205651,5.783267143,16558607.0,16.0,156.1588583,155.207345261
821.0,279.0,7.959614997,4.931821436,7.145401683,3.46542986,16369506.0,16.0,285.2211142,253.098048314
101.0,168.0,3.172541635,5.799261054,5.68261895,6.289349803,15194214.0,16.0,75.73468709,104.352078574
502.0,256.0,8.363261118,8.30073338,4.007059157,5.238644357,11524202.0,16.0,140.9987385,150.325004183
421.0,632.0,2.700255173,7.220543344,9.028887676,8.580720941,17278253.0,16.0,113.9237721,129.688006382
764.0,991.0,8.095855243,7.613064563,4.64311933,4.216246138,10009915.0,16.0,185.3729856,197.51991728
624.0,876.0,2.089277875,1.462954671,1.604504628,6.250739425,16540024.0,16.0,189.9127922,158.940607446
132.0,370.0,5.189521212,6.563638695,8.681036329,2.082327266,16017280.0,16.0,223.9863763,261.473333583
555.0,994.0,7.556886126,1.94957442,4.043711581,5.487739157,17878558.0,16.0,376.9901607,250.979002441
351.0,916.0,4.572109324,9.43392416,8.128548183,4.160928359,19039384.0,16.0,214.5015852,210.370692384
642.0,730.0,1.890655179,7.626873142,1.166922525,5.963022212,19284147.0,16.0,174.36112,159.959545875
462.0,946.0,3.589749582,5.703616771,4.40795752,6.87566043,12749704.0,16.0,104.8876946,117.354573954
980.0,408.0,4.337749301,2.348293599,4.07874861,3.622626154,16690975.0,16.0,288.8591709,226.760623949
579.0,990.0,6.020817112,8.240219696,2.14020181,2.902402901,12588303.0,16.0,234.0700898,240.457382906
923.0,996.0,1.350674152,1.281418585,4.498421547,4.876828185,10941894.0,16.0,183.7915275,164.920252486
991.0,118.0,4.540164611,4.828423537,7.762271871,1.710641177,17712344.0,16.0,365.9412334,329.37227651
140.0,704.0,7.791925478,9.399204328,6.78482611,9.776057763,12708451.0,16.0,85.09196377,107.716720561
615.0,303.0,5.706588802,8.243941746,6.858980845,8.273262781,11140121.0,16.0,77.30312967,96.8232128218
625.0,664.0,8.4596565,7.641871577,7.831395932,8.438395718,11616092.0,16.0,122.6300395,133.607044184
293.0,575.0,2.979479229,4.023205814,8.891412119,9.970274307,11443526.0,16.0,72.8554287,84.7630480464
786.0,315.0,1.824301313,1.036785435,5.585508485,4.322653524,16897559.0,16.0,130.561444,153.140813655
812.0,616.0,7.16844115,8.597058802,3.388540763,2.58910714,18864106.0,16.0,363.8908212,318.942398495
282.0,801.0,9.736230327,5.827783895,5.604744001,3.021421192,18274658.0,16.0,334.9646091,301.762893086
375.0,613.0,6.181303849,6.811308906,1.277630908,8.289070827,19505632.0,16.0,155.7364421,152.355547512
121.0,202.0,7.041822335,6.396149456,7.355441334,7.872670616,11459983.0,16.0,77.38477349,102.477174374
568.0,563.0,4.139044693,3.932296478,3.1471133,8.437494297,11457553.0,16.0,90.04132676,105.710558411
735.0,985.0,1.10537036,6.709035913,2.483856352,8.808367999,10192600.0,16.0,128.8525162,127.597312968
147.0,849.0,9.668359431,1.405810004,1.44644369,6.282494202,18293085.0,16.0,325.6634796,244.359335563
102.0,587.0,4.017550447,3.340182125,9.849311544,2.430788378,17556662.0,16.0,270.048434,282.697095219
367.0,649.0,7.946919089,4.390569844,3.326233496,8.033131528,12378127.0,16.0,129.2256734,136.501238228
250.0,700.0,7.864377004,6.40470984,2.384328969,7.927875437,17745115.0,32.0,171.0106671,160.909465002
101.0,670.0,3.369851181,5.271928523,2.76796072,1.729157069,11973491.0,32.0,190.404321,212.285832502
452.0,474.0,5.452382839,7.99827473,3.696698114,1.20264863,17478811.0,32.0,315.4929132,289.677537094
264.0,534.0,4.896078465,7.653718489,3.586582467,6.200184229,10326324.0,32.0,78.76130795,103.318510598
734.0,507.0,8.869488419,7.922697483,2.405084339,8.571619118,14346745.0,32.0,145.5925295,136.288462738
785.0,858.0,9.885543669,2.092596842,3.621432754,5.324670522,12597856.0,32.0,196.6473908,176.853284654
781.0,198.0,9.295857613,9.492736944,5.722858818,2.461391463,14790893.0,32.0,249.2518644,251.899076514
930.0,487.0,2.41526681,4.184758522,7.09882125,6.553053593,17556400.0,32.0,151.245811,147.543756045
213.0,855.0,3.78051247,6.783010439,2.316596944,3.129514189,17585133.0,32.0,219.541224,239.648843607
398.0,795.0,2.349436057,1.88947461,1.101659486,5.124790932,13920972.0,32.0,87.88425064,128.167822575
521.0,199.0,5.512942301,5.869471833,1.021495229,9.560495791,19353642.0,32.0,116.8030457,140.51551028
807.0,187.0,6.754214353,6.571533528,8.215234827,3.870881015,10300294.0,32.0,149.7548363,150.432988008
754.0,252.0,4.673112277,3.829707417,1.149070462,4.707756106,17514842.0,32.0,170.3347855,160.583952542
407.0,595.0,4.334710577,1.130677288,5.345120936,3.933544498,13773957.0,32.0,102.2566123,143.919089338
121.0,887.0,2.947959259,3.790088853,6.972952916,2.164382775,10538693.0,32.0,143.7900612,184.435102025
571.0,658.0,8.242348645,2.391009929,4.242322873,3.656011057,13893195.0,32.0,213.0199044,235.134507674
380.0,858.0,9.314340714,3.451577299,2.683706274,7.236261005,16457767.0,32.0,211.523289,205.343777487
572.0,791.0,7.379730735,7.207265956,6.54664625,4.93453427,11888391.0,32.0,174.9669328,151.964232729
817.0,579.0,4.583854444,1.443809485,5.766658294,4.602718394,17459535.0,32.0,144.5142577,174.591163051
482.0,981.0,6.560043597,5.541628403,3.454114649,8.107086752,11342985.0,32.0,117.4745991,113.258219766
122.0,194.0,7.085315014,7.999331251,1.053286489,6.860997453,17854404.0,32.0,142.9469147,150.978634655
402.0,939.0,6.372782236,6.995233999,1.914204622,1.535342492,10440911.0,32.0,224.2473204,222.03384983
987.0,203.0,4.204972497,9.719321281,3.628315169,5.077067329,11081196.0,32.0,110.9183962,121.912952562
438.0,350.0,3.587043011,4.968833026,4.040242238,7.403005441,14562776.0,32.0,93.31609488,102.964376756
953.0,520.0,7.214063304,4.397426475,5.220283046,5.172651695,18281890.0,32.0,261.5327337,208.582573705
582.0,259.0,2.032610573,7.98664498,5.0372013,9.614484182,18450437.0,32.0,127.277312,125.528494977
882.0,621.0,4.983758591,2.08890048,5.871085093,4.942231487,13597805.0,32.0,139.8848729,152.787965802
570.0,579.0,3.535211371,8.127425483,2.05959326,7.502795385,14852347.0,32.0,109.2143586,121.823238545
679.0,660.0,3.922156921,2.570806252,7.183324889,1.218564153,10786624.0,32.0,221.0094311,221.815067778
772.0,367.0,3.650672399,1.598216398,4.523972794,2.772981553,18994680.0,32.0,177.0538013,239.056984212
599.0,497.0,3.790842601,7.990127728,5.107305334,7.034283011,11221250.0,32.0,82.50240374,103.803479435
637.0,765.0,5.957334789,2.169172179,5.014100668,1.175660973,13554125.0,32.0,249.4939744,303.207810985
220.0,144.0,9.235895473,1.724454634,9.860658638,2.517383803,10312243.0,32.0,83.12514448,175.33440634
971.0,122.0,8.547774985,1.048646841,6.402038067,4.64830735,18886455.0,32.0,113.3409963,195.678796082
747.0,133.0,8.977078868,4.63920343,4.346827453,8.467135337,12827340.0,32.0,109.4446373,105.126566253
938.0,205.0,5.059141084,6.221767327,1.797022264,1.825128793,12575093.0,32.0,260.7101653,252.413480453
675.0,841.0,7.049033012,5.609434812,7.771797274,5.60637143,19512795.0,32.0,279.5389767,216.235693327
658.0,724.0,6.251843576,3.51387766,4.667401215,8.104518975,15015782.0,32.0,133.0082073,148.699687869
815.0,486.0,8.650463813,2.327069244,1.688310539,4.828829216,16270389.0,32.0,205.7888792,207.62121013
366.0,533.0,3.954691497,8.068865871,8.59322384,5.294592212,16519242.0,32.0,131.4856911,144.081107575
203.0,499.0,4.745770524,7.947793411,6.395922946,7.809587236,18472892.0,32.0,115.2863758,114.514337606
254.0,182.0,5.348741922,4.268497985,2.7707555,3.054974128,15568930.0,32.0,183.3984253,212.051088699
766.0,500.0,5.263924826,6.86671575,2.642749596,5.676764086,12012962.0,32.0,126.1313348,132.536246305
667.0,246.0,9.565863807,9.522616408,8.218612209,5.229769034,13262078.0,32.0,172.2241485,162.292799569
414.0,639.0,2.757791642,8.594599736,7.472042701,8.676202166,18170524.0,32.0,115.3681877,126.200207312
982.0,835.0,3.17882598,5.064337248,3.319919348,1.820688684,10313743.0,32.0,258.3764431,236.384677162
517.0,146.0,5.962087829,2.223035519,6.645932376,9.095659032,11764271.0,32.0,52.11490202,73.4677776321
553.0,404.0,8.39969126,2.222414934,4.606282371,7.248909162,18824149.0,32.0,146.387917,161.401634903
526.0,724.0,4.509425443,7.435854796,6.634256941,3.266585981,15710802.0,32.0,228.8993497,254.669125934
848.0,431.0,6.359122816,9.613086092,5.512061296,3.720720875,13637646.0,32.0,211.5568218,205.654249985
302.0,687.0,8.655077596,9.26349054,9.047668394,8.283418623,16587166.0,32.0,152.2768588,154.448060442
232.0,351.0,1.609141086,2.428224226,1.122582255,7.18425578,15239813.0,32.0,68.37709236,103.469925387
587.0,121.0,9.413332731,3.060031679,2.616333769,7.177792171,12697435.0,32.0,105.7676771,116.37425088
888.0,332.0,4.766774148,4.551294319,4.188736151,8.526863622,15754231.0,32.0,122.7268109,124.737048946
238.0,772.0,3.243382194,7.499557959,8.813762913,6.226026,15061503.0,32.0,102.3725536,128.399482286
571.0,411.0,6.009776065,1.661396778,3.827037314,9.586468743,15903954.0,32.0,76.78567839,94.4455753641
227.0,215.0,6.505991334,5.551099224,7.490027693,8.29989745,17161533.0,32.0,112.5817466,116.061520031
550.0,611.0,5.486238513,1.891135695,7.632365361,3.490506868,15951170.0,32.0,194.0153823,246.439735301
571.0,750.0,2.221853143,5.20460331,2.575783418,5.589658005,11671672.0,32.0,100.7282729,117.679222622
320.0,384.0,3.34780446,3.029383968,4.815402645,1.277957375,16773052.0,32.0,258.7429931,252.371355376
821.0,576.0,8.76682338,2.64103218,6.943954713,6.72587293,11446329.0,32.0,128.1533935,115.618505362
919.0,219.0,8.103469211,6.395932054,3.338647053,7.121406317,15566595.0,32.0,163.6929922,156.009348975
688.0,866.0,6.001865998,3.351784613,8.041298151,6.966851558,18113568.0,32.0,188.1674812,189.401902688
127.0,892.0,5.573295191,5.712840185,9.010985372,5.407100579,10332374.0,32.0,104.8945456,121.589930025
856.0,738.0,3.292143002,6.598981187,9.931109354,1.145687914,18912974.0,32.0,537.0231574,355.939316856
743.0,553.0,2.51045099,4.494562917,2.975283632,1.78891994,11901906.0,32.0,224.4556522,211.597840802
765.0,706.0,3.182247654,1.782220449,2.582447182,7.419423242,10478680.0,32.0,68.07851076,96.2318522137
722.0,230.0,2.125925097,7.376418115,2.50676117,5.129930662,19240291.0,32.0,160.6638064,141.272934823
940.0,893.0,3.53515096,1.678128729,3.745602433,4.977047494,13327150.0,32.0,134.0733216,155.025520002
798.0,823.0,9.986159585,2.625042048,3.691102301,7.556938111,15709429.0,32.0,200.4850368,202.783767074
749.0,493.0,4.901284106,8.769087706,7.086205651,5.783267143,16558607.0,32.0,159.5016439,160.487588897
821.0,279.0,7.959614997,4.931821436,7.145401683,3.46542986,16369506.0,32.0,285.2176301,253.626290332
101.0,168.0,3.172541635,5.799261054,5.68261895,6.289349803,15194214.0,32.0,74.26448083,104.495701023
502.0,256.0,8.363261118,8.30073338,4.007059157,5.238644357,11524202.0,32.0,142.8085823,136.264599519
421.0,632.0,2.700255173,7.220543344,9.028887676,8.580720941,17278253.0,32.0,119.054863,123.778432146
764.0,991.0,8.095855243,7.613064563,4.64311933,4.216246138,10009915.0,32.0,185.6457438,171.602442239
624.0,876.0,2.089277875,1.462954671,1.604504628,6.250739425,16540024.0,32.0,113.5861385,156.21628942
132.0,370.0,5.189521212,6.563638695,8.681036329,2.082327266,16017280.0,32.0,240.7214079,249.860338222
555.0,994.0,7.556886126,1.94957442,4.043711581,5.487739157,17878558.0,32.0,238.8866763,229.496376407
351.0,916.0,4.572109324,9.43392416,8.128548183,4.160928359,19039384.0,32.0,222.5412717,201.46443721
642.0,730.0,1.890655179,7.626873142,1.166922525,5.963022212,19284147.0,32.0,167.3586993,161.067356641
462.0,946.0,3.589749582,5.703616771,4.40795752,6.87566043,12749704.0,32.0,106.2574964,117.539758998
980.0,408.0,4.337749301,2.348293599,4.07874861,3.622626154,16690975.0,32.0,195.8164885,198.81635647
579.0,990.0,6.020817112,8.240219696,2.14020181,2.902402901,12588303.0,32.0,243.9763763,224.1561197
923.0,996.0,1.350674152,1.281418585,4.498421547,4.876828185,10941894.0,32.0,106.9143863,133.968350556
991.0,118.0,4.540164611,4.828423537,7.762271871,1.710641177,17712344.0,32.0,349.997813,317.012203919
140.0,704.0,7.791925478,9.399204328,6.78482611,9.776057763,12708451.0,32.0,93.3492949,103.341365197
615.0,303.0,5.706588802,8.243941746,6.858980845,8.273262781,11140121.0,32.0,80.58803415,92.9543460174
625.0,664.0,8.4596565,7.641871577,7.831395932,8.438395718,11616092.0,32.0,117.94049,108.028152681
293.0,575.0,2.979479229,4.023205814,8.891412119,9.970274307,11443526.0,32.0,68.92385125,85.8745731094
786.0,315.0,1.824301313,1.036785435,5.585508485,4.322653524,16897559.0,32.0,73.98102474,135.269706673
812.0,616.0,7.16844115,8.597058802,3.388540763,2.58910714,18864106.0,32.0,367.0775189,322.104829989
282.0,801.0,9.736230327,5.827783895,5.604744001,3.021421192,18274658.0,32.0,339.8587916,299.606369841
375.0,613.0,6.181303849,6.811308906,1.277630908,8.289070827,19505632.0,32.0,151.6596725,143.384222033
121.0,202.0,7.041822335,6.396149456,7.355441334,7.872670616,11459983.0,32.0,80.74022794,93.2601726699
568.0,563.0,4.139044693,3.932296478,3.1471133,8.437494297,11457553.0,32.0,79.81792331,92.8833818392
735.0,985.0,1.10537036,6.709035913,2.483856352,8.808367999,10192600.0,32.0,128.1763544,117.573159698
147.0,849.0,9.668359431,1.405810004,1.44644369,6.282494202,18293085.0,32.0,185.8167496,214.861912896
102.0,587.0,4.017550447,3.340182125,9.849311544,2.430788378,17556662.0,32.0,217.0693884,258.721140733
367.0,649.0,7.946919089,4.390569844,3.326233496,8.033131528,12378127.0,32.0,119.3906562,110.719889297
250.0,700.0,7.864377004,6.40470984,2.384328969,7.927875437,17745115.0,48.0,114.4614592,118.814279565
101.0,670.0,3.369851181,5.271928523,2.76796072,1.729157069,11973491.0,48.0,140.147301,184.149791847
452.0,474.0,5.452382839,7.99827473,3.696698114,1.20264863,17478811.0,48.0,329.4226205,271.459973824
264.0,534.0,4.896078465,7.653718489,3.586582467,6.200184229,10326324.0,48.0,55.43443203,64.5181672629
734.0,507.0,8.869488419,7.922697483,2.405084339,8.571619118,14346745.0,48.0,105.0443053,106.909939806
785.0,858.0,9.885543669,2.092596842,3.621432754,5.324670522,12597856.0,48.0,143.9446552,119.087980695
781.0,198.0,9.295857613,9.492736944,5.722858818,2.461391463,14790893.0,48.0,231.5997424,205.145819959
930.0,487.0,2.41526681,4.184758522,7.09882125,6.553053593,17556400.0,48.0,103.5349352,88.7815535019
213.0,855.0,3.78051247,6.783010439,2.316596944,3.129514189,17585133.0,48.0,156.1298692,147.388480565
398.0,795.0,2.349436057,1.88947461,1.101659486,5.124790932,13920972.0,48.0,60.85027981,74.8812675494
521.0,199.0,5.512942301,5.869471833,1.021495229,9.560495791,19353642.0,48.0,82.79448867,89.1381248752
807.0,187.0,6.754214353,6.571533528,8.215234827,3.870881015,10300294.0,48.0,115.1511579,111.274131802
754.0,252.0,4.673112277,3.829707417,1.149070462,4.707756106,17514842.0,48.0,118.9626648,108.701874897
407.0,595.0,4.334710577,1.130677288,5.345120936,3.933544498,13773957.0,48.0,67.16832948,83.3457380395
121.0,887.0,2.947959259,3.790088853,6.972952916,2.164382775,10538693.0,48.0,103.7626269,134.509548205
571.0,658.0,8.242348645,2.391009929,4.242322873,3.656011057,13893195.0,48.0,165.224643,134.04401061
380.0,858.0,9.314340714,3.451577299,2.683706274,7.236261005,16457767.0,48.0,144.748837,130.646219469
572.0,791.0,7.379730735,7.207265956,6.54664625,4.93453427,11888391.0,48.0,130.3674939,116.406582356
817.0,579.0,4.583854444,1.443809485,5.766658294,4.602718394,17459535.0,48.0,100.8885033,104.361779578
482.0,981.0,6.560043597,5.541628403,3.454114649,8.107086752,11342985.0,48.0,77.23546815,74.2130658435
122.0,194.0,7.085315014,7.999331251,1.053286489,6.860997453,17854404.0,48.0,95.1718967,107.285229306
402.0,939.0,6.372782236,6.995233999,1.914204622,1.535342492,10440911.0,48.0,217.0946119,216.576717875
987.0,203.0,4.204972497,9.719321281,3.628315169,5.077067329,11081196.0,48.0,78.36074948,79.3011309818
438.0,350.0,3.587043011,4.968833026,4.040242238,7.403005441,14562776.0,48.0,64.42833042,74.3301891282
953.0,520.0,7.214063304,4.397426475,5.220283046,5.172651695,18281890.0,48.0,191.4766138,132.035259932
582.0,259.0,2.032610573,7.98664498,5.0372013,9.614484182,18450437.0,48.0,88.63382959,79.5172140652
882.0,621.0,4.983758591,2.08890048,5.871085093,4.942231487,13597805.0,48.0,95.80272746,91.3068447383
570.0,579.0,3.535211371,8.127425483,2.05959326,7.502795385,14852347.0,48.0,71.64267063,82.0960035626
679.0,660.0,3.922156921,2.570806252,7.183324889,1.218564153,10786624.0,48.0,204.7507896,214.126608124
772.0,367.0,3.650672399,1.598216398,4.523972794,2.772981553,18994680.0,48.0,133.2411718,137.754588431
599.0,497.0,3.790842601,7.990127728,5.107305334,7.034283011,11221250.0,48.0,55.54805088,61.4366169703
637.0,765.0,5.957334789,2.169172179,5.014100668,1.175660973,13554125.0,48.0,247.5371916,255.70469786
220.0,144.0,9.235895473,1.724454634,9.860658638,2.517383803,10312243.0,48.0,77.29286885,131.919220379
971.0,122.0,8.547774985,1.048646841,6.402038067,4.64830735,18886455.0,48.0,84.78319597,136.059456076
747.0,133.0,8.977078868,4.63920343,4.346827453,8.467135337,12827340.0,48.0,78.11597729,90.4423657389
938.0,205.0,5.059141084,6.221767327,1.797022264,1.825128793,12575093.0,48.0,223.0336938,220.821762221
675.0,841.0,7.049033012,5.609434812,7.771797274,5.60637143,19512795.0,48.0,201.6271653,135.910963706
658.0,724.0,6.251843576,3.51387766,4.667401215,8.104518975,15015782.0,48.0,89.62275004,94.8033094502
815.0,486.0,8.650463813,2.327069244,1.688310539,4.828829216,16270389.0,48.0,158.3433707,131.063335794
366.0,533.0,3.954691497,8.068865871,8.59322384,5.294592212,16519242.0,48.0,91.18178558,104.376735769
203.0,499.0,4.745770524,7.947793411,6.395922946,7.809587236,18472892.0,48.0,76.4388926,85.142323233
254.0,182.0,5.348741922,4.268497985,2.7707555,3.054974128,15568930.0,48.0,141.8366466,137.594123436
766.0,500.0,5.263924826,6.86671575,2.642749596,5.676764086,12012962.0,48.0,91.13070917,75.9625074775
667.0,246.0,9.565863807,9.522616408,8.218612209,5.229769034,13262078.0,48.0,137.7431605,124.345623557
414.0,639.0,2.757791642,8.594599736,7.472042701,8.676202166,18170524.0,48.0,80.94282532,86.5116398345
982.0,835.0,3.17882598,5.064337248,3.319919348,1.820688684,10313743.0,48.0,194.0510385,215.855748065
517.0,146.0,5.962087829,2.223035519,6.645932376,9.095659032,11764271.0,48.0,35.8398838,51.6113578723
553.0,404.0,8.39969126,2.222414934,4.606282371,7.248909162,18824149.0,48.0,105.7974718,116.442772865
526.0,724.0,4.509425443,7.435854796,6.634256941,3.266585981,15710802.0,48.0,169.2051048,138.401325678
848.0,431.0,6.359122816,9.613086092,5.512061296,3.720720875,13637646.0,48.0,158.3753808,125.267219046
302.0,687.0,8.655077596,9.26349054,9.047668394,8.283418623,16587166.0,48.0,110.9814024,115.865386186
232.0,351.0,1.609141086,2.428224226,1.122582255,7.18425578,15239813.0,48.0,48.06464863,65.7201466379
587.0,121.0,9.413332731,3.060031679,2.616333769,7.177792171,12697435.0,48.0,83.1846683,91.6150875961
888.0,332.0,4.766774148,4.551294319,4.188736151,8.526863622,15754231.0,48.0,78.70836496,82.2157794606
238.0,772.0,3.243382194,7.499557959,8.813762913,6.226026,15061503.0,48.0,69.44427109,94.0722242352
571.0,411.0,6.009776065,1.661396778,3.827037314,9.586468743,15903954.0,48.0,50.08297801,72.1036748429
227.0,215.0,6.505991334,5.551099224,7.490027693,8.29989745,17161533.0,48.0,77.66241193,88.7623127523
550.0,611.0,5.486238513,1.891135695,7.632365361,3.490506868,15951170.0,48.0,137.1210423,121.687692256
571.0,750.0,2.221853143,5.20460331,2.575783418,5.589658005,11671672.0,48.0,70.84051991,68.5140923678
320.0,384.0,3.34780446,3.029383968,4.815402645,1.277957375,16773052.0,48.0,217.0863116,205.957650212
821.0,576.0,8.76682338,2.64103218,6.943954713,6.72587293,11446329.0,48.0,91.29319787,95.4975836722
919.0,219.0,8.103469211,6.395932054,3.338647053,7.121406317,15566595.0,48.0,116.4276919,110.513492864
688.0,866.0,6.001865998,3.351784613,8.041298151,6.966851558,18113568.0,48.0,131.3880215,111.833645566
127.0,892.0,5.573295191,5.712840185,9.010985372,5.407100579,10332374.0,48.0,74.43477941,86.1472860433
856.0,738.0,3.292143002,6.598981187,9.931109354,1.145687914,18912974.0,48.0,468.7244325,285.048976281
743.0,553.0,2.51045099,4.494562917,2.975283632,1.78891994,11901906.0,48.0,162.5907462,184.395676099
765.0,706.0,3.182247654,1.782220449,2.582447182,7.419423242,10478680.0,48.0,45.02388763,57.3842479898
722.0,230.0,2.125925097,7.376418115,2.50676117,5.129930662,19240291.0,48.0,110.2862337,112.294913606
940.0,893.0,3.53515096,1.678128729,3.745602433,4.977047494,13327150.0,48.0,85.73541236,89.5814081311
798.0,823.0,9.986159585,2.625042048,3.691102301,7.556938111,15709429.0,48.0,141.6955812,131.457692955
749.0,493.0,4.901284106,8.769087706,7.086205651,5.783267143,16558607.0,48.0,109.0691705,102.552003503
821.0,279.0,7.959614997,4.931821436,7.145401683,3.46542986,16369506.0,48.0,220.7777331,158.424470136
101.0,168.0,3.172541635,5.799261054,5.68261895,6.289349803,15194214.0,48.0,51.52059126,78.158861498
502.0,256.0,8.363261118,8.30073338,4.007059157,5.238644357,11524202.0,48.0,101.5695825,100.17890608
421.0,632.0,2.700255173,7.220543344,9.028887676,8.580720941,17278253.0,48.0,78.19566011,85.2527827985
764.0,991.0,8.095855243,7.613064563,4.64311933,4.216246138,10009915.0,48.0,144.368788,122.271023375
624.0,876.0,2.089277875,1.462954671,1.604504628,6.250739425,16540024.0,48.0,71.64488935,94.976056596
132.0,370.0,5.189521212,6.563638695,8.681036329,2.082327266,16017280.0,48.0,193.605659,194.986230762
555.0,994.0,7.556886126,1.94957442,4.043711581,5.487739157,17878558.0,48.0,168.1830695,122.384941094
351.0,916.0,4.572109324,9.43392416,8.128548183,4.160928359,19039384.0,48.0,156.2066152,128.537745004
642.0,730.0,1.890655179,7.626873142,1.166922525,5.963022212,19284147.0,48.0,115.5066142,109.844513687
462.0,946.0,3.589749582,5.703616771,4.40795752,6.87566043,12749704.0,48.0,72.57051444,79.6936626511
980.0,408.0,4.337749301,2.348293599,4.07874861,3.622626154,16690975.0,48.0,131.4394131,115.076563896
579.0,990.0,6.020817112,8.240219696,2.14020181,2.902402901,12588303.0,48.0,196.578763,160.159901584
923.0,996.0,1.350674152,1.281418585,4.498421547,4.876828185,10941894.0,48.0,66.97321796,76.0428715734
991.0,118.0,4.540164611,4.828423537,7.762271871,1.710641177,17712344.0,48.0,300.1889877,251.367354804
140.0,704.0,7.791925478,9.399204328,6.78482611,9.776057763,12708451.0,48.0,61.58479691,84.2616211651
615.0,303.0,5.706588802,8.243941746,6.858980845,8.273262781,11140121.0,48.0,54.87943292,59.3237869124
625.0,664.0,8.4596565,7.641871577,7.831395932,8.438395718,11616092.0,48.0,84.61223269,93.1683398516
293.0,575.0,2.979479229,4.023205814,8.891412119,9.970274307,11443526.0,48.0,46.58969069,53.3907033992
786.0,315.0,1.824301313,1.036785435,5.585508485,4.322653524,16897559.0,48.0,50.61945081,94.6172284584
812.0,616.0,7.16844115,8.597058802,3.388540763,2.58910714,18864106.0,48.0,317.7642248,218.418348995
282.0,801.0,9.736230327,5.827783895,5.604744001,3.021421192,18274658.0,48.0,308.8162854,204.137503988
375.0,613.0,6.181303849,6.811308906,1.277630908,8.289070827,19505632.0,48.0,108.678246,103.841202133
121.0,202.0,7.041822335,6.396149456,7.355441334,7.872670616,11459983.0,48.0,54.90279794,70.8771139951
568.0,563.0,4.139044693,3.932296478,3.1471133,8.437494297,11457553.0,48.0,54.03177643,58.2134310145
735.0,985.0,1.10537036,6.709035913,2.483856352,8.808367999,10192600.0,48.0,87.73625231,67.0523176988
147.0,849.0,9.668359431,1.405810004,1.44644369,6.282494202,18293085.0,48.0,138.0562239,138.419592506
102.0,587.0,4.017550447,3.340182125,9.849311544,2.430788378,17556662.0,48.0,160.5872917,146.411979524
367.0,649.0,7.946919089,4.390569844,3.326233496,8.033131528,12378127.0,48.0,83.1770153,92.1934932044
250.0,700.0,7.864377004,6.40470984,2.384328969,7.927875437,17745115.0,64.0,95.05411148,85.0155585206
101.0,670.0,3.369851181,5.271928523,2.76796072,1.729157069,11973491.0,64.0,117.8376501,155.565731459
452.0,474.0,5.452382839,7.99827473,3.696698114,1.20264863,17478811.0,64.0,305.5288575,238.174881654
264.0,534.0,4.896078465,7.653718489,3.586582467,6.200184229,10326324.0,64.0,44.26507497,55.4471275025
734.0,507.0,8.869488419,7.922697483,2.405084339,8.571619118,14346745.0,64.0,77.61263514,77.7509563016
785.0,858.0,9.885543669,2.092596842,3.621432754,5.324670522,12597856.0,64.0,114.051893,95.0213871637
781.0,198.0,9.295857613,9.492736944,5.722858818,2.461391463,14790893.0,64.0,199.4367857,206.815003048
930.0,487.0,2.41526681,4.184758522,7.09882125,6.553053593,17556400.0,64.0,80.15565968,75.2486533399
213.0,855.0,3.78051247,6.783010439,2.316596944,3.129514189,17585133.0,64.0,118.8375437,126.785315532
398.0,795.0,2.349436057,1.88947461,1.101659486,5.124790932,13920972.0,64.0,44.97184014,53.0816699819
521.0,199.0,5.512942301,5.869471833,1.021495229,9.560495791,19353642.0,64.0,64.02368593,70.2415269634
807.0,187.0,6.754214353,6.571533528,8.215234827,3.870881015,10300294.0,64.0,86.41469598,98.362754144
754.0,252.0,4.673112277,3.829707417,1.149070462,4.707756106,17514842.0,64.0,94.0313375,91.4508632668
407.0,595.0,4.334710577,1.130677288,5.345120936,3.933544498,13773957.0,64.0,52.11409569,70.7566245896
121.0,887.0,2.947959259,3.790088853,6.972952916,2.164382775,10538693.0,64.0,81.00500393,97.2146128963
571.0,658.0,8.242348645,2.391009929,4.242322873,3.656011057,13893195.0,64.0,134.6310468,128.381680345
380.0,858.0,9.314340714,3.451577299,2.683706274,7.236261005,16457767.0,64.0,111.8978484,89.3898286812
572.0,791.0,7.379730735,7.207265956,6.54664625,4.93453427,11888391.0,64.0,99.64129496,92.2332603924
817.0,579.0,4.583854444,1.443809485,5.766658294,4.602718394,17459535.0,64.0,76.70243788,90.9014017168
482.0,981.0,6.560043597,5.541628403,3.454114649,8.107086752,11342985.0,64.0,61.93454742,56.2138413142
122.0,194.0,7.085315014,7.999331251,1.053286489,6.860997453,17854404.0,64.0,76.36987948,78.9280840285
402.0,939.0,6.372782236,6.995233999,1.914204622,1.535342492,10440911.0,64.0,191.2032845,204.920556399
987.0,203.0,4.204972497,9.719321281,3.628315169,5.077067329,11081196.0,64.0,57.89727664,62.8487148964
438.0,350.0,3.587043011,4.968833026,4.040242238,7.403005441,14562776.0,64.0,48.56301904,57.1781082167
953.0,520.0,7.214063304,4.397426475,5.220283046,5.172651695,18281890.0,64.0,148.8240027,111.845262422
582.0,259.0,2.032610573,7.98664498,5.0372013,9.614484182,18450437.0,64.0,68.17831254,67.1757390253
882.0,621.0,4.983758591,2.08890048,5.871085093,4.942231487,13597805.0,64.0,73.94225073,69.7700684805
570.0,579.0,3.535211371,8.127425483,2.05959326,7.502795385,14852347.0,64.0,56.06819224,64.1934842458
679.0,660.0,3.922156921,2.570806252,7.183324889,1.218564153,10786624.0,64.0,174.9767776,195.29564963
772.0,367.0,3.650672399,1.598216398,4.523972794,2.772981553,18994680.0,64.0,102.6825254,118.330436123
599.0,497.0,3.790842601,7.990127728,5.107305334,7.034283011,11221250.0,64.0,44.44784474,52.091956292
637.0,765.0,5.957334789,2.169172179,5.014100668,1.175660973,13554125.0,64.0,234.9412181,228.057076241
220.0,144.0,9.235895473,1.724454634,9.860658638,2.517383803,10312243.0,64.0,69.72154427,116.37473672
971.0,122.0,8.547774985,1.048646841,6.402038067,4.64830735,18886455.0,64.0,66.48170567,127.111452895
747.0,133.0,8.977078868,4.63920343,4.346827453,8.467135337,12827340.0,64.0,60.8547852,62.5249378965
938.0,205.0,5.059141084,6.221767327,1.797022264,1.825128793,12575093.0,64.0,181.7289515,200.929530238
675.0,841.0,7.049033012,5.609434812,7.771797274,5.60637143,19512795.0,64.0,156.7205915,112.492617541
658.0,724.0,6.251843576,3.51387766,4.667401215,8.104518975,15015782.0,64.0,70.26112509,72.3183222017
815.0,486.0,8.650463813,2.327069244,1.688310539,4.828829216,16270389.0,64.0,124.7610552,117.605216424
366.0,533.0,3.954691497,8.068865871,8.59322384,5.294592212,16519242.0,64.0,72.26192403,79.2930626898
203.0,499.0,4.745770524,7.947793411,6.395922946,7.809587236,18472892.0,64.0,61.365556,68.5725676353
254.0,182.0,5.348741922,4.268497985,2.7707555,3.054974128,15568930.0,64.0,108.3332958,119.291255119
766.0,500.0,5.263924826,6.86671575,2.642749596,5.676764086,12012962.0,64.0,72.79223776,70.9055137588
667.0,246.0,9.565863807,9.522616408,8.218612209,5.229769034,13262078.0,64.0,109.3391929,97.1576766511
414.0,639.0,2.757791642,8.594599736,7.472042701,8.676202166,18170524.0,64.0,63.3477664,68.267126873
982.0,835.0,3.17882598,5.064337248,3.319919348,1.820688684,10313743.0,64.0,147.6370504,188.763205335
517.0,146.0,5.962087829,2.223035519,6.645932376,9.095659032,11764271.0,64.0,27.385602,38.3324483436
553.0,404.0,8.39969126,2.222414934,4.606282371,7.248909162,18824149.0,64.0,83.63501978,78.5024358814
526.0,724.0,4.509425443,7.435854796,6.634256941,3.266585981,15710802.0,64.0,129.9941773,123.906269289
848.0,431.0,6.359122816,9.613086092,5.512061296,3.720720875,13637646.0,64.0,121.722378,116.511935337
302.0,687.0,8.655077596,9.26349054,9.047668394,8.283418623,16587166.0,64.0,84.99800944,84.238375334
232.0,351.0,1.609141086,2.428224226,1.122582255,7.18425578,15239813.0,64.0,36.39723372,49.1461760262
587.0,121.0,9.413332731,3.060031679,2.616333769,7.177792171,12697435.0,64.0,60.28840399,59.9209339643
888.0,332.0,4.766774148,4.551294319,4.188736151,8.526863622,15754231.0,64.0,59.14768887,66.6910522157
238.0,772.0,3.243382194,7.499557959,8.813762913,6.226026,15061503.0,64.0,54.83496928,62.8973484747
571.0,411.0,6.009776065,1.661396778,3.827037314,9.586468743,15903954.0,64.0,39.53997397,53.0120945151
227.0,215.0,6.505991334,5.551099224,7.490027693,8.29989745,17161533.0,64.0,59.63123727,65.7734941873
550.0,611.0,5.486238513,1.891135695,7.632365361,3.490506868,15951170.0,64.0,107.6671014,101.553210266
571.0,750.0,2.221853143,5.20460331,2.575783418,5.589658005,11671672.0,64.0,53.51129723,55.8023325079
320.0,384.0,3.34780446,3.029383968,4.815402645,1.277957375,16773052.0,64.0,180.5450566,173.390424195
821.0,576.0,8.76682338,2.64103218,6.943954713,6.72587293,11446329.0,64.0,73.04804587,73.4443047456
919.0,219.0,8.103469211,6.395932054,3.338647053,7.121406317,15566595.0,64.0,91.57653666,86.1895090818
688.0,866.0,6.001865998,3.351784613,8.041298151,6.966851558,18113568.0,64.0,100.2403562,84.0896092472
127.0,892.0,5.573295191,5.712840185,9.010985372,5.407100579,10332374.0,64.0,59.44259763,69.0056840744
856.0,738.0,3.292143002,6.598981187,9.931109354,1.145687914,18912974.0,64.0,384.1588893,256.407654215
743.0,553.0,2.51045099,4.494562917,2.975283632,1.78891994,11901906.0,64.0,127.8705783,149.439652021
765.0,706.0,3.182247654,1.782220449,2.582447182,7.419423242,10478680.0,64.0,34.05477309,47.734918076
722.0,230.0,2.125925097,7.376418115,2.50676117,5.129930662,19240291.0,64.0,84.47782326,82.5163174584
940.0,893.0,3.53515096,1.678128729,3.745602433,4.977047494,13327150.0,64.0,63.85063243,62.0072483764
798.0,823.0,9.986159585,2.625042048,3.691102301,7.556938111,15709429.0,64.0,110.8267856,95.7301751866
749.0,493.0,4.901284106,8.769087706,7.086205651,5.783267143,16558607.0,64.0,87.35979843,84.4323195945
821.0,279.0,7.959614997,4.931821436,7.145401683,3.46542986,16369506.0,64.0,193.011138,155.22578327
101.0,168.0,3.172541635,5.799261054,5.68261895,6.289349803,15194214.0,64.0,41.68868089,54.8484396323
502.0,256.0,8.363261118,8.30073338,4.007059157,5.238644357,11524202.0,64.0,79.05607128,79.6780102317
421.0,632.0,2.700255173,7.220543344,9.028887676,8.580720941,17278253.0,64.0,62.86548829,67.4066340752
764.0,991.0,8.095855243,7.613064563,4.64311933,4.216246138,10009915.0,64.0,114.2269685,105.991094252
624.0,876.0,2.089277875,1.462954671,1.604504628,6.250739425,16540024.0,64.0,55.38612652,63.3193751564
132.0,370.0,5.189521212,6.563638695,8.681036329,2.082327266,16017280.0,64.0,161.4544392,171.497905829
555.0,994.0,7.556886126,1.94957442,4.043711581,5.487739157,17878558.0,64.0,134.0389078,99.6207103189
351.0,916.0,4.572109324,9.43392416,8.128548183,4.160928359,19039384.0,64.0,117.3631721,118.009519553
642.0,730.0,1.890655179,7.626873142,1.166922525,5.963022212,19284147.0,64.0,92.76674891,86.3626218683
462.0,946.0,3.589749582,5.703616771,4.40795752,6.87566043,12749704.0,64.0,54.94872451,59.0143690751
980.0,408.0,4.337749301,2.348293599,4.07874861,3.622626154,16690975.0,64.0,101.2266164,101.760894359
579.0,990.0,6.020817112,8.240219696,2.14020181,2.902402901,12588303.0,64.0,157.6409905,142.507985913
923.0,996.0,1.350674152,1.281418585,4.498421547,4.876828185,10941894.0,64.0,48.92749357,47.2457613936
991.0,118.0,4.540164611,4.828423537,7.762271871,1.710641177,17712344.0,64.0,246.3615434,223.596014469
140.0,704.0,7.791925478,9.399204328,6.78482611,9.776057763,12708451.0,64.0,47.2754519,55.4867487741
615.0,303.0,5.706588802,8.243941746,6.858980845,8.273262781,11140121.0,64.0,43.24290276,47.5081657577
625.0,664.0,8.4596565,7.641871577,7.831395932,8.438395718,11616092.0,64.0,64.80818629,69.1254695409
293.0,575.0,2.979479229,4.023205814,8.891412119,9.970274307,11443526.0,64.0,34.98663116,43.0014020201
786.0,315.0,1.824301313,1.036785435,5.585508485,4.322653524,16897559.0,64.0,36.80850124,75.3034733142
812.0,616.0,7.16844115,8.597058802,3.388540763,2.58910714,18864106.0,64.0,261.5575483,214.128674906
282.0,801.0,9.736230327,5.827783895,5.604744001,3.021421192,18274658.0,64.0,271.7996716,206.763473277
375.0,613.0,6.181303849,6.811308906,1.277630908,8.289070827,19505632.0,64.0,82.71182632,81.2551913286
121.0,202.0,7.041822335,6.396149456,7.355441334,7.872670616,11459983.0,64.0,43.29453254,50.6503061855
568.0,563.0,4.139044693,3.932296478,3.1471133,8.437494297,11457553.0,64.0,41.25376821,49.4974459042
735.0,985.0,1.10537036,6.709035913,2.483856352,8.808367999,10192600.0,64.0,68.93651509,53.261201857
147.0,849.0,9.668359431,1.405810004,1.44644369,6.282494202,18293085.0,64.0,108.5206532,95.2440239507
102.0,587.0,4.017550447,3.340182125,9.849311544,2.430788378,17556662.0,64.0,128.8900714,124.886002852
367.0,649.0,7.946919089,4.390569844,3.326233496,8.033131528,12378127.0,64.0,63.47735786,66.9591946805
250.0,700.0,7.864377004,6.40470984,2.384328969,7.927875437,17745115.0,80.0,86.99385238,87.0294521423
101.0,670.0,3.369851181,5.271928523,2.76796072,1.729157069,11973491.0,80.0,106.244138,128.047239047
452.0,474.0,5.452382839,7.99827473,3.696698114,1.20264863,17478811.0,80.0,296.5967438,223.633432464
264.0,534.0,4.896078465,7.653718489,3.586582467,6.200184229,10326324.0,80.0,42.868083,53.7888063603
734.0,507.0,8.869488419,7.922697483,2.405084339,8.571619118,14346745.0,80.0,76.59873533,76.1931619845
785.0,858.0,9.885543669,2.092596842,3.621432754,5.324670522,12597856.0,80.0,92.54936957,84.358994565
781.0,198.0,9.295857613,9.492736944,5.722858818,2.461391463,14790893.0,80.0,209.6020463,190.966558357
930.0,487.0,2.41526681,4.184758522,7.09882125,6.553053593,17556400.0,80.0,71.26271963,69.9533596997
213.0,855.0,3.78051247,6.783010439,2.316596944,3.129514189,17585133.0,80.0,116.8438146,121.648524097
398.0,795.0,2.349436057,1.88947461,1.101659486,5.124790932,13920972.0,80.0,37.61692953,47.5630133526
521.0,199.0,5.512942301,5.869471833,1.021495229,9.560495791,19353642.0,80.0,59.69111371,66.5810928462
807.0,187.0,6.754214353,6.571533528,8.215234827,3.870881015,10300294.0,80.0,85.67020369,93.1081915942
754.0,252.0,4.673112277,3.829707417,1.149070462,4.707756106,17514842.0,80.0,81.24878383,86.6052558591
407.0,595.0,4.334710577,1.130677288,5.345120936,3.933544498,13773957.0,80.0,43.80350375,60.0176700008
121.0,887.0,2.947959259,3.790088853,6.972952916,2.164382775,10538693.0,80.0,73.27892208,85.1997128059
571.0,658.0,8.242348645,2.391009929,4.242322873,3.656011057,13893195.0,80.0,114.5288489,108.831333301
380.0,858.0,9.314340714,3.451577299,2.683706274,7.236261005,16457767.0,80.0,99.12367678,84.0224332812
572.0,791.0,7.379730735,7.207265956,6.54664625,4.93453427,11888391.0,80.0,99.87300801,88.412044402
817.0,579.0,4.583854444,1.443809485,5.766658294,4.602718394,17459535.0,80.0,63.70214868,76.3563514857
482.0,981.0,6.560043597,5.541628403,3.454114649,8.107086752,11342985.0,80.0,56.26367998,50.8246275769
122.0,194.0,7.085315014,7.999331251,1.053286489,6.860997453,17854404.0,80.0,73.88895154,79.3881796812
402.0,939.0,6.372782236,6.995233999,1.914204622,1.535342492,10440911.0,80.0,188.0264795,190.394266088
987.0,203.0,4.204972497,9.719321281,3.628315169,5.077067329,11081196.0,80.0,57.89904094,63.7801176243
438.0,350.0,3.587043011,4.968833026,4.040242238,7.403005441,14562776.0,80.0,44.43183684,50.5271162307
953.0,520.0,7.214063304,4.397426475,5.220283046,5.172651695,18281890.0,80.0,133.4908767,114.477312904
582.0,259.0,2.032610573,7.98664498,5.0372013,9.614484182,18450437.0,80.0,70.05073404,65.9912145648
882.0,621.0,4.983758591,2.08890048,5.871085093,4.942231487,13597805.0,80.0,60.05474401,61.985756744
570.0,579.0,3.535211371,8.127425483,2.05959326,7.502795385,14852347.0,80.0,55.77370763,58.5529764133
679.0,660.0,3.922156921,2.570806252,7.183324889,1.218564153,10786624.0,80.0,139.6054857,162.47109836
772.0,367.0,3.650672399,1.598216398,4.523972794,2.772981553,18994680.0,80.0,83.68605781,103.471281195
599.0,497.0,3.790842601,7.990127728,5.107305334,7.034283011,11221250.0,80.0,42.95102668,47.3911153772
637.0,765.0,5.957334789,2.169172179,5.014100668,1.175660973,13554125.0,80.0,203.1533668,195.234840576
220.0,144.0,9.235895473,1.724454634,9.860658638,2.517383803,10312243.0,80.0,58.26445746,96.9508162926
971.0,122.0,8.547774985,1.048646841,6.402038067,4.64830735,18886455.0,80.0,56.26600957,113.141717317
747.0,133.0,8.977078868,4.63920343,4.346827453,8.467135337,12827340.0,80.0,57.20511985,62.1309382802
938.0,205.0,5.059141084,6.221767327,1.797022264,1.825128793,12575093.0,80.0,174.214385,176.747963916
675.0,841.0,7.049033012,5.609434812,7.771797274,5.60637143,19512795.0,80.0,147.0890801,113.347640565
658.0,724.0,6.251843576,3.51387766,4.667401215,8.104518975,15015782.0,80.0,63.10490918,60.1395344747
815.0,486.0,8.650463813,2.327069244,1.688310539,4.828829216,16270389.0,80.0,99.85851264,108.603466053
366.0,533.0,3.954691497,8.068865871,8.59322384,5.294592212,16519242.0,80.0,72.85793686,76.4591601781
203.0,499.0,4.745770524,7.947793411,6.395922946,7.809587236,18472892.0,80.0,59.89183378,64.6455560256
254.0,182.0,5.348741922,4.268497985,2.7707555,3.054974128,15568930.0,80.0,98.92419672,106.289723238
766.0,500.0,5.263924826,6.86671575,2.642749596,5.676764086,12012962.0,80.0,68.29186726,67.9341376229
667.0,246.0,9.565863807,9.522616408,8.218612209,5.229769034,13262078.0,80.0,105.045882,95.9976745917
414.0,639.0,2.757791642,8.594599736,7.472042701,8.676202166,18170524.0,80.0,62.1213336,65.4668661667
982.0,835.0,3.17882598,5.064337248,3.319919348,1.820688684,10313743.0,80.0,137.2266397,162.813569374
517.0,146.0,5.962087829,2.223035519,6.645932376,9.095659032,11764271.0,80.0,23.21385813,32.1846027606
553.0,404.0,8.39969126,2.222414934,4.606282371,7.248909162,18824149.0,80.0,69.50361443,71.332253695
526.0,724.0,4.509425443,7.435854796,6.634256941,3.266585981,15710802.0,80.0,128.6504982,118.453264167
848.0,431.0,6.359122816,9.613086092,5.512061296,3.720720875,13637646.0,80.0,122.3089767,114.567927136
302.0,687.0,8.655077596,9.26349054,9.047668394,8.283418623,16587166.0,80.0,81.94803858,84.4761315711
232.0,351.0,1.609141086,2.428224226,1.122582255,7.18425578,15239813.0,80.0,30.98645282,42.0024662535
587.0,121.0,9.413332731,3.060031679,2.616333769,7.177792171,12697435.0,80.0,52.28039551,57.7921100915
888.0,332.0,4.766774148,4.551294319,4.188736151,8.526863622,15754231.0,80.0,56.38394499,56.4370929799
238.0,772.0,3.243382194,7.499557959,8.813762913,6.226026,15061503.0,80.0,53.38158917,57.7766421469
571.0,411.0,6.009776065,1.661396778,3.827037314,9.586468743,15903954.0,80.0,33.25771475,43.5871899458
227.0,215.0,6.505991334,5.551099224,7.490027693,8.29989745,17161533.0,80.0,56.41085696,62.3526221373
550.0,611.0,5.486238513,1.891135695,7.632365361,3.490506868,15951170.0,80.0,90.96648979,80.8968953268
571.0,750.0,2.221853143,5.20460331,2.575783418,5.589658005,11671672.0,80.0,50.70123959,52.8333884349
320.0,384.0,3.34780446,3.029383968,4.815402645,1.277957375,16773052.0,80.0,157.1271703,133.225813987
821.0,576.0,8.76682338,2.64103218,6.943954713,6.72587293,11446329.0,80.0,59.84650993,63.7498760443
919.0,219.0,8.103469211,6.395932054,3.338647053,7.121406317,15566595.0,80.0,89.73553562,86.4067296955
688.0,866.0,6.001865998,3.351784613,8.041298151,6.966851558,18113568.0,80.0,89.11347485,73.3308316657
127.0,892.0,5.573295191,5.712840185,9.010985372,5.407100579,10332374.0,80.0,55.19965696,68.9945558753
856.0,738.0,3.292143002,6.598981187,9.931109354,1.145687914,18912974.0,80.0,353.7373559,224.66631371
743.0,553.0,2.51045099,4.494562917,2.975283632,1.78891994,11901906.0,80.0,116.7856958,123.752420805
765.0,706.0,3.182247654,1.782220449,2.582447182,7.419423242,10478680.0,80.0,28.92315173,32.5899106676
722.0,230.0,2.125925097,7.376418115,2.50676117,5.129930662,19240291.0,80.0,80.79517555,78.6882190608
940.0,893.0,3.53515096,1.678128729,3.745602433,4.977047494,13327150.0,80.0,51.73229742,54.8267749602
798.0,823.0,9.986159585,2.625042048,3.691102301,7.556938111,15709429.0,80.0,96.25788474,79.2590813904
749.0,493.0,4.901284106,8.769087706,7.086205651,5.783267143,16558607.0,80.0,83.71708727,83.6768391457
821.0,279.0,7.959614997,4.931821436,7.145401683,3.46542986,16369506.0,80.0,158.8091342,138.192214692
101.0,168.0,3.172541635,5.799261054,5.68261895,6.289349803,15194214.0,80.0,39.15758681,49.1829413382
502.0,256.0,8.363261118,8.30073338,4.007059157,5.238644357,11524202.0,80.0,81.95138979,78.0421895053
421.0,632.0,2.700255173,7.220543344,9.028887676,8.580720941,17278253.0,80.0,59.84620166,62.8170820139
764.0,991.0,8.095855243,7.613064563,4.64311933,4.216246138,10009915.0,80.0,110.0260139,100.031003216
624.0,876.0,2.089277875,1.462954671,1.604504628,6.250739425,16540024.0,80.0,43.63031816,53.8826943934
132.0,370.0,5.189521212,6.563638695,8.681036329,2.082327266,16017280.0,80.0,153.6516638,161.274147285
555.0,994.0,7.556886126,1.94957442,4.043711581,5.487739157,17878558.0,80.0,109.7276309,94.2579927539
351.0,916.0,4.572109324,9.43392416,8.128548183,4.160928359,19039384.0,80.0,119.5848413,114.010765072
642.0,730.0,1.890655179,7.626873142,1.166922525,5.963022212,19284147.0,80.0,88.66636634,86.3359727025
462.0,946.0,3.589749582,5.703616771,4.40795752,6.87566043,12749704.0,80.0,52.32933784,52.3945670021
980.0,408.0,4.337749301,2.348293599,4.07874861,3.622626154,16690975.0,80.0,85.21297979,85.3512636626
579.0,990.0,6.020817112,8.240219696,2.14020181,2.902402901,12588303.0,80.0,151.0005336,137.248875134
923.0,996.0,1.350674152,1.281418585,4.498421547,4.876828185,10941894.0,80.0,39.54767537,42.3485455861
991.0,118.0,4.540164611,4.828423537,7.762271871,1.710641177,17712344.0,80.0,217.1309054,198.105929952
140.0,704.0,7.791925478,9.399204328,6.78482611,9.776057763,12708451.0,80.0,47.62691808,56.1434527521
615.0,303.0,5.706588802,8.243941746,6.858980845,8.273262781,11140121.0,80.0,41.4294498,44.5387693365
625.0,664.0,8.4596565,7.641871577,7.831395932,8.438395718,11616092.0,80.0,62.84625888,64.1082753981
293.0,575.0,2.979479229,4.023205814,8.891412119,9.970274307,11443526.0,80.0,30.80830073,39.0941675202
786.0,315.0,1.824301313,1.036785435,5.585508485,4.322653524,16897559.0,80.0,30.07631803,64.1629405971
812.0,616.0,7.16844115,8.597058802,3.388540763,2.58910714,18864106.0,80.0,272.3956857,210.448216396
282.0,801.0,9.736230327,5.827783895,5.604744001,3.021421192,18274658.0,80.0,245.7037461,188.693076472
375.0,613.0,6.181303849,6.811308906,1.277630908,8.289070827,19505632.0,80.0,80.80242872,81.0275045295
121.0,202.0,7.041822335,6.396149456,7.355441334,7.872670616,11459983.0,80.0,41.71879458,49.4793818141
568.0,563.0,4.139044693,3.932296478,3.1471133,8.437494297,11457553.0,80.0,38.02091074,41.9884003044
735.0,985.0,1.10537036,6.709035913,2.483856352,8.808367999,10192600.0,80.0,65.81306458,46.9388586072
147.0,849.0,9.668359431,1.405810004,1.44644369,6.282494202,18293085.0,80.0,87.20503807,83.9342991364
102.0,587.0,4.017550447,3.340182125,9.849311544,2.430788378,17556662.0,80.0,109.8237255,121.496421829
367.0,649.0,7.946919089,4.390569844,3.326233496,8.033131528,12378127.0,80.0,56.713732,62.0080419433
250.0,700.0,7.864377004,6.40470984,2.384328969,7.927875437,17745115.0,96.0,82.68604016,84.728557693
101.0,670.0,3.369851181,5.271928523,2.76796072,1.729157069,11973491.0,96.0,96.08489633,119.126559584
452.0,474.0,5.452382839,7.99827473,3.696698114,1.20264863,17478811.0,96.0,285.7931306,214.887306616
264.0,534.0,4.896078465,7.653718489,3.586582467,6.200184229,10326324.0,96.0,40.07474732,51.042125342
734.0,507.0,8.869488419,7.922697483,2.405084339,8.571619118,14346745.0,96.0,76.59550357,73.0921883705
785.0,858.0,9.885543669,2.092596842,3.621432754,5.324670522,12597856.0,96.0,83.20916915,75.1272990748
781.0,198.0,9.295857613,9.492736944,5.722858818,2.461391463,14790893.0,96.0,209.4822335,186.885072491
930.0,487.0,2.41526681,4.184758522,7.09882125,6.553053593,17556400.0,96.0,62.4241395,60.8708357908
213.0,855.0,3.78051247,6.783010439,2.316596944,3.129514189,17585133.0,96.0,109.7615004,119.33510966
398.0,795.0,2.349436057,1.88947461,1.101659486,5.124790932,13920972.0,96.0,31.97351623,41.9131943881
521.0,199.0,5.512942301,5.869471833,1.021495229,9.560495791,19353642.0,96.0,57.28098631,66.1691047935
807.0,187.0,6.754214353,6.571533528,8.215234827,3.870881015,10300294.0,96.0,79.69923782,88.2664568239
754.0,252.0,4.673112277,3.829707417,1.149070462,4.707756106,17514842.0,96.0,70.16151619,75.2191336042
407.0,595.0,4.334710577,1.130677288,5.345120936,3.933544498,13773957.0,96.0,35.86032248,48.0626876247
121.0,887.0,2.947959259,3.790088853,6.972952916,2.164382775,10538693.0,96.0,63.79857469,79.4211149636
571.0,658.0,8.242348645,2.391009929,4.242322873,3.656011057,13893195.0,96.0,93.51168036,104.264706
380.0,858.0,9.314340714,3.451577299,2.683706274,7.236261005,16457767.0,96.0,87.4771378,74.6169629925
572.0,791.0,7.379730735,7.207265956,6.54664625,4.93453427,11888391.0,96.0,95.07557082,85.6389575109
817.0,579.0,4.583854444,1.443809485,5.766658294,4.602718394,17459535.0,96.0,53.22581315,61.1809931529
482.0,981.0,6.560043597,5.541628403,3.454114649,8.107086752,11342985.0,96.0,50.82971382,47.3116990763
122.0,194.0,7.085315014,7.999331251,1.053286489,6.860997453,17854404.0,96.0,73.33827114,81.0544232114
402.0,939.0,6.372782236,6.995233999,1.914204622,1.535342492,10440911.0,96.0,175.9125953,182.42963262
987.0,203.0,4.204972497,9.719321281,3.628315169,5.077067329,11081196.0,96.0,65.19282007,61.8308409769
438.0,350.0,3.587043011,4.968833026,4.040242238,7.403005441,14562776.0,96.0,40.91127658,46.6969589395
953.0,520.0,7.214063304,4.397426475,5.220283046,5.172651695,18281890.0,96.0,119.1710429,108.568219756
582.0,259.0,2.032610573,7.98664498,5.0372013,9.614484182,18450437.0,96.0,65.52367496,64.2815584619
882.0,621.0,4.983758591,2.08890048,5.871085093,4.942231487,13597805.0,96.0,51.01547384,52.1564795918
570.0,579.0,3.535211371,8.127425483,2.05959326,7.502795385,14852347.0,96.0,54.9175272,58.474880389
679.0,660.0,3.922156921,2.570806252,7.183324889,1.218564153,10786624.0,96.0,124.4584186,138.405816567
772.0,367.0,3.650672399,1.598216398,4.523972794,2.772981553,18994680.0,96.0,67.9072783,87.879753747
599.0,497.0,3.790842601,7.990127728,5.107305334,7.034283011,11221250.0,96.0,42.10526514,46.2209912342
637.0,765.0,5.957334789,2.169172179,5.014100668,1.175660973,13554125.0,96.0,161.7735493,167.928068185
220.0,144.0,9.235895473,1.724454634,9.860658638,2.517383803,10312243.0,96.0,49.18245053,91.9072029236
971.0,122.0,8.547774985,1.048646841,6.402038067,4.64830735,18886455.0,96.0,48.64606977,103.344296471
747.0,133.0,8.977078868,4.63920343,4.346827453,8.467135337,12827340.0,96.0,50.95158958,58.2112528917
938.0,205.0,5.059141084,6.221767327,1.797022264,1.825128793,12575093.0,96.0,161.667419,166.348287669
675.0,841.0,7.049033012,5.609434812,7.771797274,5.60637143,19512795.0,96.0,134.6164486,111.717789309
658.0,724.0,6.251843576,3.51387766,4.667401215,8.104518975,15015782.0,96.0,53.73804688,50.3096466923
815.0,486.0,8.650463813,2.327069244,1.688310539,4.828829216,16270389.0,96.0,85.21837425,101.278542334
366.0,533.0,3.954691497,8.068865871,8.59322384,5.294592212,16519242.0,96.0,67.47762823,72.1557245336
203.0,499.0,4.745770524,7.947793411,6.395922946,7.809587236,18472892.0,96.0,60.4959662,63.1279681996
254.0,182.0,5.348741922,4.268497985,2.7707555,3.054974128,15568930.0,96.0,90.42041445,101.829168108
766.0,500.0,5.263924826,6.86671575,2.642749596,5.676764086,12012962.0,96.0,62.97358823,65.5909620991
667.0,246.0,9.565863807,9.522616408,8.218612209,5.229769034,13262078.0,96.0,104.6237788,95.793772947
414.0,639.0,2.757791642,8.594599736,7.472042701,8.676202166,18170524.0,96.0,60.04973745,64.8476011133
982.0,835.0,3.17882598,5.064337248,3.319919348,1.820688684,10313743.0,96.0,130.6995122,147.333134723
517.0,146.0,5.962087829,2.223035519,6.645932376,9.095659032,11764271.0,96.0,21.04853487,30.6385545727
553.0,404.0,8.39969126,2.222414934,4.606282371,7.248909162,18824149.0,96.0,62.39192247,64.9115572812
526.0,724.0,4.509425443,7.435854796,6.634256941,3.266585981,15710802.0,96.0,129.3109975,113.336702572
848.0,431.0,6.359122816,9.613086092,5.512061296,3.720720875,13637646.0,96.0,121.4829607,113.446323411
302.0,687.0,8.655077596,9.26349054,9.047668394,8.283418623,16587166.0,96.0,86.19670105,84.1025149484
232.0,351.0,1.609141086,2.428224226,1.122582255,7.18425578,15239813.0,96.0,26.51527023,32.8903459803
587.0,121.0,9.413332731,3.060031679,2.616333769,7.177792171,12697435.0,96.0,47.46325946,53.9778095936
888.0,332.0,4.766774148,4.551294319,4.188736151,8.526863622,15754231.0,96.0,48.34468532,50.8676617835
238.0,772.0,3.243382194,7.499557959,8.813762913,6.226026,15061503.0,96.0,52.96186519,58.0233748082
571.0,411.0,6.009776065,1.661396778,3.827037314,9.586468743,15903954.0,96.0,27.39097333,34.7270327632
227.0,215.0,6.505991334,5.551099224,7.490027693,8.29989745,17161533.0,96.0,58.59057784,59.0229109158
550.0,611.0,5.486238513,1.891135695,7.632365361,3.490506868,15951170.0,96.0,74.28117085,73.6892858081
571.0,750.0,2.221853143,5.20460331,2.575783418,5.589658005,11671672.0,96.0,45.65184999,50.505051037
320.0,384.0,3.34780446,3.029383968,4.815402645,1.277957375,16773052.0,96.0,134.5878506,123.542739114
821.0,576.0,8.76682338,2.64103218,6.943954713,6.72587293,11446329.0,96.0,51.97674918,57.0841981572
919.0,219.0,8.103469211,6.395932054,3.338647053,7.121406317,15566595.0,96.0,82.32907939,82.6516195279
688.0,866.0,6.001865998,3.351784613,8.041298151,6.966851558,18113568.0,96.0,74.82674074,61.7844913687
127.0,892.0,5.573295191,5.712840185,9.010985372,5.407100579,10332374.0,96.0,49.1006825,67.0616526619
856.0,738.0,3.292143002,6.598981187,9.931109354,1.145687914,18912974.0,96.0,335.9960029,207.810302862
743.0,553.0,2.51045099,4.494562917,2.975283632,1.78891994,11901906.0,96.0,101.1148443,110.543945056
765.0,706.0,3.182247654,1.782220449,2.582447182,7.419423242,10478680.0,96.0,23.72283602,30.3763942409
722.0,230.0,2.125925097,7.376418115,2.50676117,5.129930662,19240291.0,96.0,80.09334373,73.2922446674
940.0,893.0,3.53515096,1.678128729,3.745602433,4.977047494,13327150.0,96.0,45.37229466,50.4509069874
798.0,823.0,9.986159585,2.625042048,3.691102301,7.556938111,15709429.0,96.0,83.06073308,68.094562593
749.0,493.0,4.901284106,8.769087706,7.086205651,5.783267143,16558607.0,96.0,86.00354528,79.4591883882
821.0,279.0,7.959614997,4.931821436,7.145401683,3.46542986,16369506.0,96.0,151.7966039,137.663016827
101.0,168.0,3.172541635,5.799261054,5.68261895,6.289349803,15194214.0,96.0,35.86376357,49.6913395571
502.0,256.0,8.363261118,8.30073338,4.007059157,5.238644357,11524202.0,96.0,80.73888755,76.5645998063
421.0,632.0,2.700255173,7.220543344,9.028887676,8.580720941,17278253.0,96.0,57.27794218,62.7244151236
764.0,991.0,8.095855243,7.613064563,4.64311933,4.216246138,10009915.0,96.0,107.3745301,98.6023919326
624.0,876.0,2.089277875,1.462954671,1.604504628,6.250739425,16540024.0,96.0,37.06270742,46.7912149564
132.0,370.0,5.189521212,6.563638695,8.681036329,2.082327266,16017280.0,96.0,148.9772706,157.082092516
555.0,994.0,7.556886126,1.94957442,4.043711581,5.487739157,17878558.0,96.0,88.60374403,86.8416725219
351.0,916.0,4.572109324,9.43392416,8.128548183,4.160928359,19039384.0,96.0,120.6739914,113.214172086
642.0,730.0,1.890655179,7.626873142,1.166922525,5.963022212,19284147.0,96.0,86.5223248,79.3956018726
462.0,946.0,3.589749582,5.703616771,4.40795752,6.87566043,12749704.0,96.0,49.08687568,48.9365847702
980.0,408.0,4.337749301,2.348293599,4.07874861,3.622626154,16690975.0,96.0,74.94730949,73.9105839127
579.0,990.0,6.020817112,8.240219696,2.14020181,2.902402901,12588303.0,96.0,146.4058769,135.042512129
923.0,996.0,1.350674152,1.281418585,4.498421547,4.876828185,10941894.0,96.0,36.92406774,39.3946928011
991.0,118.0,4.540164611,4.828423537,7.762271871,1.710641177,17712344.0,96.0,190.4988248,189.035699615
140.0,704.0,7.791925478,9.399204328,6.78482611,9.776057763,12708451.0,96.0,48.7373035,54.781320936
615.0,303.0,5.706588802,8.243941746,6.858980845,8.273262781,11140121.0,96.0,42.36441183,43.8203466764
625.0,664.0,8.4596565,7.641871577,7.831395932,8.438395718,11616092.0,96.0,60.76498246,60.3476892983
293.0,575.0,2.979479229,4.023205814,8.891412119,9.970274307,11443526.0,96.0,27.87717962,37.9047086821
786.0,315.0,1.824301313,1.036785435,5.585508485,4.322653524,16897559.0,96.0,26.60648727,49.9624619542
812.0,616.0,7.16844115,8.597058802,3.388540763,2.58910714,18864106.0,96.0,253.9728367,207.344021916
282.0,801.0,9.736230327,5.827783895,5.604744001,3.021421192,18274658.0,96.0,232.8544731,186.235493371
375.0,613.0,6.181303849,6.811308906,1.277630908,8.289070827,19505632.0,96.0,73.93915939,79.1195738705
121.0,202.0,7.041822335,6.396149456,7.355441334,7.872670616,11459983.0,96.0,39.58021951,47.6535280689
568.0,563.0,4.139044693,3.932296478,3.1471133,8.437494297,11457553.0,96.0,32.99580002,38.9704953433
735.0,985.0,1.10537036,6.709035913,2.483856352,8.808367999,10192600.0,96.0,62.07054687,45.6414204289
147.0,849.0,9.668359431,1.405810004,1.44644369,6.282494202,18293085.0,96.0,77.68405867,78.0306682739
102.0,587.0,4.017550447,3.340182125,9.849311544,2.430788378,17556662.0,96.0,99.59896541,114.101237688
367.0,649.0,7.946919089,4.390569844,3.326233496,8.033131528,12378127.0,96.0,51.10602093,54.3479642878
250.0,700.0,7.864377004,6.40470984,2.384328969,7.927875437,17745115.0,112.0,76.20853901,82.4237684874
101.0,670.0,3.369851181,5.271928523,2.76796072,1.729157069,11973491.0,112.0,86.6433661,120.205741177
452.0,474.0,5.452382839,7.99827473,3.696698114,1.20264863,17478811.0,112.0,268.3596323,214.940272072
264.0,534.0,4.896078465,7.653718489,3.586582467,6.200184229,10326324.0,112.0,38.05055881,48.2631323879
734.0,507.0,8.869488419,7.922697483,2.405084339,8.571619118,14346745.0,112.0,74.80544758,70.5240524866
785.0,858.0,9.885543669,2.092596842,3.621432754,5.324670522,12597856.0,112.0,70.21886945,70.6103448697
781.0,198.0,9.295857613,9.492736944,5.722858818,2.461391463,14790893.0,112.0,204.0048363,187.047605708
930.0,487.0,2.41526681,4.184758522,7.09882125,6.553053593,17556400.0,112.0,58.15623927,58.7992139789
213.0,855.0,3.78051247,6.783010439,2.316596944,3.129514189,17585133.0,112.0,104.4610426,117.405500798
398.0,795.0,2.349436057,1.88947461,1.101659486,5.124790932,13920972.0,112.0,27.46065521,39.4896529219
521.0,199.0,5.512942301,5.869471833,1.021495229,9.560495791,19353642.0,112.0,51.21372795,65.6860079492
807.0,187.0,6.754214353,6.571533528,8.215234827,3.870881015,10300294.0,112.0,74.36470079,86.6091068284
754.0,252.0,4.673112277,3.829707417,1.149070462,4.707756106,17514842.0,112.0,65.05940247,63.1642356937
407.0,595.0,4.334710577,1.130677288,5.345120936,3.933544498,13773957.0,112.0,32.08116817,43.3401584484
121.0,887.0,2.947959259,3.790088853,6.972952916,2.164382775,10538693.0,112.0,57.32854891,78.6661917564
571.0,658.0,8.242348645,2.391009929,4.242322873,3.656011057,13893195.0,112.0,84.61010838,94.6199564902
380.0,858.0,9.314340714,3.451577299,2.683706274,7.236261005,16457767.0,112.0,76.18121529,69.4898842833
572.0,791.0,7.379730735,7.207265956,6.54664625,4.93453427,11888391.0,112.0,87.30748248,83.1403382084
817.0,579.0,4.583854444,1.443809485,5.766658294,4.602718394,17459535.0,112.0,48.96977067,48.2609905388
482.0,981.0,6.560043597,5.541628403,3.454114649,8.107086752,11342985.0,112.0,46.3155911,43.3034671282
122.0,194.0,7.085315014,7.999331251,1.053286489,6.860997453,17854404.0,112.0,68.04875588,79.2684373196
402.0,939.0,6.372782236,6.995233999,1.914204622,1.535342492,10440911.0,112.0,171.4760752,182.139541189
987.0,203.0,4.204972497,9.719321281,3.628315169,5.077067329,11081196.0,112.0,61.69630146,61.7517677828
438.0,350.0,3.587043011,4.968833026,4.040242238,7.403005441,14562776.0,112.0,42.10354733,45.8114102893
953.0,520.0,7.214063304,4.397426475,5.220283046,5.172651695,18281890.0,112.0,108.0296476,100.34004678
582.0,259.0,2.032610573,7.98664498,5.0372013,9.614484182,18450437.0,112.0,63.58816576,61.7028748968
882.0,621.0,4.983758591,2.08890048,5.871085093,4.942231487,13597805.0,112.0,46.62962079,46.6043660954
570.0,579.0,3.535211371,8.127425483,2.05959326,7.502795385,14852347.0,112.0,52.60659862,57.4861480695
679.0,660.0,3.922156921,2.570806252,7.183324889,1.218564153,10786624.0,112.0,114.3356318,132.975082836
772.0,367.0,3.650672399,1.598216398,4.523972794,2.772981553,18994680.0,112.0,62.33580446,76.3381205302
599.0,497.0,3.790842601,7.990127728,5.107305334,7.034283011,11221250.0,112.0,40.1708529,44.0072570195
637.0,765.0,5.957334789,2.169172179,5.014100668,1.175660973,13554125.0,112.0,152.6084673,158.928536654
220.0,144.0,9.235895473,1.724454634,9.860658638,2.517383803,10312243.0,112.0,44.83479404,87.9494466687
971.0,122.0,8.547774985,1.048646841,6.402038067,4.64830735,18886455.0,112.0,41.90612459,96.4215252385
747.0,133.0,8.977078868,4.63920343,4.346827453,8.467135337,12827340.0,112.0,46.28700089,54.5195457184
938.0,205.0,5.059141084,6.221767327,1.797022264,1.825128793,12575093.0,112.0,148.0192974,163.899170671
675.0,841.0,7.049033012,5.609434812,7.771797274,5.60637143,19512795.0,112.0,127.7865534,108.958522507
658.0,724.0,6.251843576,3.51387766,4.667401215,8.104518975,15015782.0,112.0,52.48218989,45.5883099428
815.0,486.0,8.650463813,2.327069244,1.688310539,4.828829216,16270389.0,112.0,73.48029137,93.2270210943
366.0,533.0,3.954691497,8.068865871,8.59322384,5.294592212,16519242.0,112.0,67.28297043,71.4091149082
203.0,499.0,4.745770524,7.947793411,6.395922946,7.809587236,18472892.0,112.0,57.66439986,61.4370136596
254.0,182.0,5.348741922,4.268497985,2.7707555,3.054974128,15568930.0,112.0,76.53611374,94.1969129475
766.0,500.0,5.263924826,6.86671575,2.642749596,5.676764086,12012962.0,112.0,61.79432487,62.1350727153
667.0,246.0,9.565863807,9.522616408,8.218612209,5.229769034,13262078.0,112.0,101.5120149,94.4863876164
414.0,639.0,2.757791642,8.594599736,7.472042701,8.676202166,18170524.0,112.0,58.95172572,64.0261157589
982.0,835.0,3.17882598,5.064337248,3.319919348,1.820688684,10313743.0,112.0,113.6303058,145.15819928
517.0,146.0,5.962087829,2.223035519,6.645932376,9.095659032,11764271.0,112.0,17.96650529,28.8192235204
553.0,404.0,8.39969126,2.222414934,4.606282371,7.248909162,18824149.0,112.0,53.43328381,57.606170518
526.0,724.0,4.509425443,7.435854796,6.634256941,3.266585981,15710802.0,112.0,120.3414373,111.454746747
848.0,431.0,6.359122816,9.613086092,5.512061296,3.720720875,13637646.0,112.0,118.7931776,112.135422484
302.0,687.0,8.655077596,9.26349054,9.047668394,8.283418623,16587166.0,112.0,79.35302973,81.1439383249
232.0,351.0,1.609141086,2.428224226,1.122582255,7.18425578,15239813.0,112.0,23.5150125,30.903540232
587.0,121.0,9.413332731,3.060031679,2.616333769,7.177792171,12697435.0,112.0,39.68604469,49.3809968122
888.0,332.0,4.766774148,4.551294319,4.188736151,8.526863622,15754231.0,112.0,45.4361825,49.7481851702
238.0,772.0,3.243382194,7.499557959,8.813762913,6.226026,15061503.0,112.0,49.0999198,58.3567220416
571.0,411.0,6.009776065,1.661396778,3.827037314,9.586468743,15903954.0,112.0,24.08799386,29.6962731
227.0,215.0,6.505991334,5.551099224,7.490027693,8.29989745,17161533.0,112.0,48.75588536,58.6685337936
550.0,611.0,5.486238513,1.891135695,7.632365361,3.490506868,15951170.0,112.0,64.93687272,66.3412730011
571.0,750.0,2.221853143,5.20460331,2.575783418,5.589658005,11671672.0,112.0,39.96686912,47.7087311922
320.0,384.0,3.34780446,3.029383968,4.815402645,1.277957375,16773052.0,112.0,118.658659,118.896702934
821.0,576.0,8.76682338,2.64103218,6.943954713,6.72587293,11446329.0,112.0,46.8064301,52.6073121794
919.0,219.0,8.103469211,6.395932054,3.338647053,7.121406317,15566595.0,112.0,75.02669644,80.7314084916
688.0,866.0,6.001865998,3.351784613,8.041298151,6.966851558,18113568.0,112.0,65.79592657,57.0744412702
127.0,892.0,5.573295191,5.712840185,9.010985372,5.407100579,10332374.0,112.0,46.70661283,64.9848417411
856.0,738.0,3.292143002,6.598981187,9.931109354,1.145687914,18912974.0,112.0,324.1593056,204.439557625
743.0,553.0,2.51045099,4.494562917,2.975283632,1.78891994,11901906.0,112.0,90.70319653,110.464568324
765.0,706.0,3.182247654,1.782220449,2.582447182,7.419423242,10478680.0,112.0,21.46837878,26.6289625245
722.0,230.0,2.125925097,7.376418115,2.50676117,5.129930662,19240291.0,112.0,75.54864049,68.7853581097
940.0,893.0,3.53515096,1.678128729,3.745602433,4.977047494,13327150.0,112.0,37.66630459,47.2763541685
798.0,823.0,9.986159585,2.625042048,3.691102301,7.556938111,15709429.0,112.0,69.67207241,62.2735157353
749.0,493.0,4.901284106,8.769087706,7.086205651,5.783267143,16558607.0,112.0,81.33236241,77.810156666
821.0,279.0,7.959614997,4.931821436,7.145401683,3.46542986,16369506.0,112.0,130.091157,128.086561767
101.0,168.0,3.172541635,5.799261054,5.68261895,6.289349803,15194214.0,112.0,31.96052647,48.5098119189
502.0,256.0,8.363261118,8.30073338,4.007059157,5.238644357,11524202.0,112.0,75.10844374,76.4659856354
421.0,632.0,2.700255173,7.220543344,9.028887676,8.580720941,17278253.0,112.0,54.49732614,62.0301902365
764.0,991.0,8.095855243,7.613064563,4.64311933,4.216246138,10009915.0,112.0,103.2057669,97.5316865754
624.0,876.0,2.089277875,1.462954671,1.604504628,6.250739425,16540024.0,112.0,32.7952702,41.162244769
132.0,370.0,5.189521212,6.563638695,8.681036329,2.082327266,16017280.0,112.0,135.6408298,153.58999893
555.0,994.0,7.556886126,1.94957442,4.043711581,5.487739157,17878558.0,112.0,78.84179044,76.8570461931
351.0,916.0,4.572109324,9.43392416,8.128548183,4.160928359,19039384.0,112.0,114.7017336,108.600655661
642.0,730.0,1.890655179,7.626873142,1.166922525,5.963022212,19284147.0,112.0,81.96810222,74.5455573834
462.0,946.0,3.589749582,5.703616771,4.40795752,6.87566043,12749704.0,112.0,43.35567236,46.0390007213
980.0,408.0,4.337749301,2.348293599,4.07874861,3.622626154,16690975.0,112.0,65.05339932,63.6167590826
579.0,990.0,6.020817112,8.240219696,2.14020181,2.902402901,12588303.0,112.0,136.6163011,131.393062156
923.0,996.0,1.350674152,1.281418585,4.498421547,4.876828185,10941894.0,112.0,27.89696717,37.3541159446
991.0,118.0,4.540164611,4.828423537,7.762271871,1.710641177,17712344.0,112.0,183.9428837,185.334596279
140.0,704.0,7.791925478,9.399204328,6.78482611,9.776057763,12708451.0,112.0,46.09481382,52.8933770404
615.0,303.0,5.706588802,8.243941746,6.858980845,8.273262781,11140121.0,112.0,40.10998178,41.8320879306
625.0,664.0,8.4596565,7.641871577,7.831395932,8.438395718,11616092.0,112.0,60.20298886,58.5701216228
293.0,575.0,2.979479229,4.023205814,8.891412119,9.970274307,11443526.0,112.0,24.89087462,36.6247930134
786.0,315.0,1.824301313,1.036785435,5.585508485,4.322653524,16897559.0,112.0,22.68355227,39.2380125671
812.0,616.0,7.16844115,8.597058802,3.388540763,2.58910714,18864106.0,112.0,250.6850231,207.348274068
282.0,801.0,9.736230327,5.827783895,5.604744001,3.021421192,18274658.0,112.0,215.5577986,183.429041878
375.0,613.0,6.181303849,6.811308906,1.277630908,8.289070827,19505632.0,112.0,70.2933147,76.2755642412
121.0,202.0,7.041822335,6.396149456,7.355441334,7.872670616,11459983.0,112.0,36.94858384,44.9292372614
568.0,563.0,4.139044693,3.932296478,3.1471133,8.437494297,11457553.0,112.0,28.77848506,36.3945052611
735.0,985.0,1.10537036,6.709035913,2.483856352,8.808367999,10192600.0,112.0,62.82631373,42.5430207285
147.0,849.0,9.668359431,1.405810004,1.44644369,6.282494202,18293085.0,112.0,66.31749058,71.631232635
102.0,587.0,4.017550447,3.340182125,9.849311544,2.430788378,17556662.0,112.0,84.72274995,105.055457105
367.0,649.0,7.946919089,4.390569844,3.326233496,8.033131528,12378127.0,112.0,46.11857867,49.9284779515
250.0,700.0,7.864377004,6.40470984,2.384328969,7.927875437,17745115.0,128.0,71.31941986,79.8937536181
101.0,670.0,3.369851181,5.271928523,2.76796072,1.729157069,11973491.0,128.0,81.81098557,119.308432054
452.0,474.0,5.452382839,7.99827473,3.696698114,1.20264863,17478811.0,128.0,267.9357815,214.53967873
264.0,534.0,4.896078465,7.653718489,3.586582467,6.200184229,10326324.0,128.0,37.29823875,47.7840130784
734.0,507.0,8.869488419,7.922697483,2.405084339,8.571619118,14346745.0,128.0,68.41917968,69.4217459351
785.0,858.0,9.885543669,2.092596842,3.621432754,5.324670522,12597856.0,128.0,62.32904696,67.2286631186
781.0,198.0,9.295857613,9.492736944,5.722858818,2.461391463,14790893.0,128.0,191.7250805,181.09664827
930.0,487.0,2.41526681,4.184758522,7.09882125,6.553053593,17556400.0,128.0,51.71484637,59.1612202837
213.0,855.0,3.78051247,6.783010439,2.316596944,3.129514189,17585133.0,128.0,96.14740705,114.76167116
398.0,795.0,2.349436057,1.88947461,1.101659486,5.124790932,13920972.0,128.0,23.9937911,38.4670294128
521.0,199.0,5.512942301,5.869471833,1.021495229,9.560495791,19353642.0,128.0,48.64187217,63.7927963528
807.0,187.0,6.754214353,6.571533528,8.215234827,3.870881015,10300294.0,128.0,69.4624629,84.0671883952
754.0,252.0,4.673112277,3.829707417,1.149070462,4.707756106,17514842.0,128.0,59.82091594,61.5344792866
407.0,595.0,4.334710577,1.130677288,5.345120936,3.933544498,13773957.0,128.0,29.53240037,43.7216487056
121.0,887.0,2.947959259,3.790088853,6.972952916,2.164382775,10538693.0,128.0,50.05683255,76.9424278213
571.0,658.0,8.242348645,2.391009929,4.242322873,3.656011057,13893195.0,128.0,82.04708147,92.5870594662
380.0,858.0,9.314340714,3.451577299,2.683706274,7.236261005,16457767.0,128.0,67.65777993,67.3041467426
572.0,791.0,7.379730735,7.207265956,6.54664625,4.93453427,11888391.0,128.0,83.29512548,79.9120619128
817.0,579.0,4.583854444,1.443809485,5.766658294,4.602718394,17459535.0,128.0,41.82158518,47.7334107619
482.0,981.0,6.560043597,5.541628403,3.454114649,8.107086752,11342985.0,128.0,43.09166718,43.0570813833
122.0,194.0,7.085315014,7.999331251,1.053286489,6.860997453,17854404.0,128.0,69.06251597,78.0578022542
402.0,939.0,6.372782236,6.995233999,1.914204622,1.535342492,10440911.0,128.0,157.9902008,180.005824562
987.0,203.0,4.204972497,9.719321281,3.628315169,5.077067329,11081196.0,128.0,55.02458143,61.1338180304
438.0,350.0,3.587043011,4.968833026,4.040242238,7.403005441,14562776.0,128.0,39.17696476,44.9975726017
953.0,520.0,7.214063304,4.397426475,5.220283046,5.172651695,18281890.0,128.0,96.11383414,97.6809983293
582.0,259.0,2.032610573,7.98664498,5.0372013,9.614484182,18450437.0,128.0,65.07314658,57.9631790527
882.0,621.0,4.983758591,2.08890048,5.871085093,4.942231487,13597805.0,128.0,38.79452229,45.9707341959
570.0,579.0,3.535211371,8.127425483,2.05959326,7.502795385,14852347.0,128.0,49.49866247,56.2896430181
679.0,660.0,3.922156921,2.570806252,7.183324889,1.218564153,10786624.0,128.0,96.90631104,131.230392473
772.0,367.0,3.650672399,1.598216398,4.523972794,2.772981553,18994680.0,128.0,52.59669137,76.2824928493
599.0,497.0,3.790842601,7.990127728,5.107305334,7.034283011,11221250.0,128.0,39.07788897,44.2182030092
637.0,765.0,5.957334789,2.169172179,5.014100668,1.175660973,13554125.0,128.0,127.0646331,157.314543286
220.0,144.0,9.235895473,1.724454634,9.860658638,2.517383803,10312243.0,128.0,58.27818799,86.8372142495
971.0,122.0,8.547774985,1.048646841,6.402038067,4.64830735,18886455.0,128.0,37.97869182,95.1190385105
747.0,133.0,8.977078868,4.63920343,4.346827453,8.467135337,12827340.0,128.0,44.53315783,52.2485278699
938.0,205.0,5.059141084,6.221767327,1.797022264,1.825128793,12575093.0,128.0,134.2980196,161.045529871
675.0,841.0,7.049033012,5.609434812,7.771797274,5.60637143,19512795.0,128.0,116.051533,107.661102825
658.0,724.0,6.251843576,3.51387766,4.667401215,8.104518975,15015782.0,128.0,44.53893828,43.3244433201
815.0,486.0,8.650463813,2.327069244,1.688310539,4.828829216,16270389.0,128.0,66.52791309,90.9333954036
366.0,533.0,3.954691497,8.068865871,8.59322384,5.294592212,16519242.0,128.0,62.25822401,69.9394260667
203.0,499.0,4.745770524,7.947793411,6.395922946,7.809587236,18472892.0,128.0,55.09198856,59.2454072596
254.0,182.0,5.348741922,4.268497985,2.7707555,3.054974128,15568930.0,128.0,70.99671912,90.9389470709
766.0,500.0,5.263924826,6.86671575,2.642749596,5.676764086,12012962.0,128.0,57.3655386,60.8141250139
667.0,246.0,9.565863807,9.522616408,8.218612209,5.229769034,13262078.0,128.0,97.68673444,91.7325095833
414.0,639.0,2.757791642,8.594599736,7.472042701,8.676202166,18170524.0,128.0,55.69112349,60.9225604977
982.0,835.0,3.17882598,5.064337248,3.319919348,1.820688684,10313743.0,128.0,103.3995993,144.151335326
517.0,146.0,5.962087829,2.223035519,6.645932376,9.095659032,11764271.0,128.0,16.62870479,26.8733241816
553.0,404.0,8.39969126,2.222414934,4.606282371,7.248909162,18824149.0,128.0,47.6808846,54.6671956708
526.0,724.0,4.509425443,7.435854796,6.634256941,3.266585981,15710802.0,128.0,110.9761298,109.312431837
848.0,431.0,6.359122816,9.613086092,5.512061296,3.720720875,13637646.0,128.0,112.6423328,110.29149338
302.0,687.0,8.655077596,9.26349054,9.047668394,8.283418623,16587166.0,128.0,78.30840683,79.1763419699
232.0,351.0,1.609141086,2.428224226,1.122582255,7.18425578,15239813.0,128.0,20.6154952,28.74022579
587.0,121.0,9.413332731,3.060031679,2.616333769,7.177792171,12697435.0,128.0,36.5094564,46.3498356631
888.0,332.0,4.766774148,4.551294319,4.188736151,8.526863622,15754231.0,128.0,41.45772362,48.1441238599
238.0,772.0,3.243382194,7.499557959,8.813762913,6.226026,15061503.0,128.0,46.29053402,58.0060060724
571.0,411.0,6.009776065,1.661396778,3.827037314,9.586468743,15903954.0,128.0,21.14727139,28.2815539419
227.0,215.0,6.505991334,5.551099224,7.490027693,8.29989745,17161533.0,128.0,51.60165191,57.1279867297
550.0,611.0,5.486238513,1.891135695,7.632365361,3.490506868,15951170.0,128.0,57.42278147,66.0306762614
571.0,750.0,2.221853143,5.20460331,2.575783418,5.589658005,11671672.0,128.0,36.77540803,46.3382813632
320.0,384.0,3.34780446,3.029383968,4.815402645,1.277957375,16773052.0,128.0,104.0149641,115.047816913
821.0,576.0,8.76682338,2.64103218,6.943954713,6.72587293,11446329.0,128.0,39.93593812,48.0947769626
919.0,219.0,8.103469211,6.395932054,3.338647053,7.121406317,15566595.0,128.0,72.1165216,79.2794513255
688.0,866.0,6.001865998,3.351784613,8.041298151,6.966851558,18113568.0,128.0,61.97252417,55.7075462387
127.0,892.0,5.573295191,5.712840185,9.010985372,5.407100579,10332374.0,128.0,43.46536422,63.649987032
856.0,738.0,3.292143002,6.598981187,9.931109354,1.145687914,18912974.0,128.0,296.7715216,202.668356327
743.0,553.0,2.51045099,4.494562917,2.975283632,1.78891994,11901906.0,128.0,80.90035653,108.231222023
765.0,706.0,3.182247654,1.782220449,2.582447182,7.419423242,10478680.0,128.0,23.53492284,24.2742476541
722.0,230.0,2.125925097,7.376418115,2.50676117,5.129930662,19240291.0,128.0,71.31514192,68.5154360378
940.0,893.0,3.53515096,1.678128729,3.745602433,4.977047494,13327150.0,128.0,33.28698969,46.2926789686
798.0,823.0,9.986159585,2.625042048,3.691102301,7.556938111,15709429.0,128.0,64.14141917,60.1614117965
749.0,493.0,4.901284106,8.769087706,7.086205651,5.783267143,16558607.0,128.0,76.63304281,76.9221214202
821.0,279.0,7.959614997,4.931821436,7.145401683,3.46542986,16369506.0,128.0,122.8642731,124.592154863
101.0,168.0,3.172541635,5.799261054,5.68261895,6.289349803,15194214.0,128.0,36.09115052,47.493583048
502.0,256.0,8.363261118,8.30073338,4.007059157,5.238644357,11524202.0,128.0,70.31846976,72.7621690626
421.0,632.0,2.700255173,7.220543344,9.028887676,8.580720941,17278253.0,128.0,50.33859658,59.1260276623
764.0,991.0,8.095855243,7.613064563,4.64311933,4.216246138,10009915.0,128.0,100.5061431,93.7414980884
624.0,876.0,2.089277875,1.462954671,1.604504628,6.250739425,16540024.0,128.0,28.95507216,40.4758624027
132.0,370.0,5.189521212,6.563638695,8.681036329,2.082327266,16017280.0,128.0,127.4108942,151.302392412
555.0,994.0,7.556886126,1.94957442,4.043711581,5.487739157,17878558.0,128.0,76.24682522,74.534047755
351.0,916.0,4.572109324,9.43392416,8.128548183,4.160928359,19039384.0,128.0,115.6534803,107.010789297
642.0,730.0,1.890655179,7.626873142,1.166922525,5.963022212,19284147.0,128.0,76.80516529,73.3853105543
462.0,946.0,3.589749582,5.703616771,4.40795752,6.87566043,12749704.0,128.0,39.74918628,45.0068065678
980.0,408.0,4.337749301,2.348293599,4.07874861,3.622626154,16690975.0,128.0,57.29991794,63.3100861652
579.0,990.0,6.020817112,8.240219696,2.14020181,2.902402901,12588303.0,128.0,152.9365354,129.591859868
923.0,996.0,1.350674152,1.281418585,4.498421547,4.876828185,10941894.0,128.0,29.64596081,37.3828687669
991.0,118.0,4.540164611,4.828423537,7.762271871,1.710641177,17712344.0,128.0,170.1950643,183.367938792
140.0,704.0,7.791925478,9.399204328,6.78482611,9.776057763,12708451.0,128.0,44.54485917,53.0134155023
615.0,303.0,5.706588802,8.243941746,6.858980845,8.273262781,11140121.0,128.0,37.21777201,42.5879049696
625.0,664.0,8.4596565,7.641871577,7.831395932,8.438395718,11616092.0,128.0,55.74253774,57.8391906249
293.0,575.0,2.979479229,4.023205814,8.891412119,9.970274307,11443526.0,128.0,22.66658807,35.4901693251
786.0,315.0,1.824301313,1.036785435,5.585508485,4.322653524,16897559.0,128.0,20.07516885,39.2150301225
812.0,616.0,7.16844115,8.597058802,3.388540763,2.58910714,18864106.0,128.0,240.1946423,204.55795396
282.0,801.0,9.736230327,5.827783895,5.604744001,3.021421192,18274658.0,128.0,196.0093591,180.638303802
375.0,613.0,6.181303849,6.811308906,1.277630908,8.289070827,19505632.0,128.0,64.18633223,73.773260954
121.0,202.0,7.041822335,6.396149456,7.355441334,7.872670616,11459983.0,128.0,34.64070892,44.833689503
568.0,563.0,4.139044693,3.932296478,3.1471133,8.437494297,11457553.0,128.0,26.04479885,34.8491955569
735.0,985.0,1.10537036,6.709035913,2.483856352,8.808367999,10192600.0,128.0,53.82925868,42.5710354839
147.0,849.0,9.668359431,1.405810004,1.44644369,6.282494202,18293085.0,128.0,58.87388039,68.9161806436
102.0,587.0,4.017550447,3.340182125,9.849311544,2.430788378,17556662.0,128.0,76.77381945,101.591810774
367.0,649.0,7.946919089,4.390569844,3.326233496,8.033131528,12378127.0,128.0,42.40741229,48.7843462742
