637,765,5.957334789,2.169172179,5.014100668,1.175660973,13554125,16,397.4447479
589,547,7.570269888,9.3400332,9.228262746,1.247793929,13717474,16,250.5186379
544,118,3.699916669,4.611758172,5.783037312,5.760881011,17601160,16,121.871774
860,740,7.346559617,9.289502086,9.967729621,4.245949996,10191482,96,99.32696724
717,446,1.59694833,3.377657062,3.995922212,6.875852312,12437276,96,39.86695838
145,955,2.866571688,3.838246048,7.839238492,3.742036399,15617622,64,76.17883778
376,506,6.364758079,9.565889025,4.310575175,2.835037554,10271411,112,97.42520189
400,347,8.606897064,3.031603867,2.219010083,1.428601032,14866529,64,215.0124083
428,455,4.881513953,3.443527353,9.95195452,9.664192704,15400610,80,41.12870932
188,624,3.955229171,1.914886019,7.532867666,4.294640243,14240571,32,97.6647315
292,432,4.59760253,3.177868538,8.391776257,2.504022835,14122750,80,94.50987911
904,674,9.145708804,9.433617825,2.088388559,8.005434281,13175784,64,87.62909746
858,631,3.088546034,7.63896868,7.077874962,9.203310603,14172757,32,114.3079975
406,241,6.49290146,2.713490127,8.290896508,1.420750099,12783335,32,165.9502008
586,436,3.326852831,6.361139583,7.210213212,9.728143264,10399222,48,48.55594802
224,835,7.077583897,2.73727147,4.553296199,6.449520286,17813752,112,63.71459198
640,443,2.061017278,8.771933966,7.012029442,8.84279433,12933045,32,96.54597902
727,348,4.60871228,6.791190501,3.229286144,6.788779974,15069232,48,82.53301907
723,251,1.110367572,6.717974282,9.09356642,4.29148635,12973738,80,74.06058121
130,123,7.086394509,8.092705165,5.0543709,4.152019936,15394404,128,88.07749987
245,930,6.115177599,9.052648641,5.16859596,2.800139919,11673426,32,190.7132638
607,297,3.375976731,5.848056918,4.783216641,7.478471591,10107674,112,29.54327583
636,149,7.916168177,7.416883224,9.770482275,9.051218656,18433419,112,70.34684873
854,588,5.086690642,3.344695694,5.672524578,9.428223408,13021447,128,29.51134014
910,845,1.333982096,9.752452631,1.48698365,4.206456142,14947685,48,133.1840701
597,803,4.456756219,1.635724477,1.654626113,5.335951605,17417690,80,60.70166636
377,534,6.871550349,8.171247419,1.155798375,7.205261773,14471824,48,88.84733009
877,438,3.086610388,8.08791802,3.015223283,9.054125343,15136208,128,54.84146214
655,767,8.496573709,5.052898161,1.162374619,4.464588409,16739872,80,166.9864655
911,424,9.059824736,5.210370993,2.983004633,3.969815009,14168227,32,250.8608971
355,802,6.881604226,9.22770346,5.606973157,5.601696005,13522406,128,78.10484219
490,930,2.237540023,1.939644211,9.013091597,6.849151444,19487141,96,47.57870173
904,477,5.355833476,5.085599332,7.296595006,5.492076387,13185646,64,80.83402562
597,270,3.081180357,1.2945948,4.355179426,7.535749785,18551782,32,64.29238534
963,932,4.962002371,4.914670461,3.0651262,6.609517289,10823744,80,60.4964118
157,750,1.433243665,3.330009092,3.571180589,2.509695513,11487955,64,51.00938725
460,384,7.85052951,9.3509154,7.671096806,6.77756607,10910576,96,59.98818231
787,154,7.312176643,5.439366219,7.52001744,8.817407786,17532242,64,72.60016108
138,182,2.841347961,2.206104171,6.215271868,2.249717788,11542875,96,34.14400601
599,289,8.580232659,4.906460885,6.938236358,9.545401182,19282858,80,77.53666329
530,120,5.325448057,9.243852636,8.313120638,9.100977436,13170896,32,79.29600263
796,458,3.094400536,8.273981706,2.768849261,8.574475679,18689338,32,142.6653636
240,383,4.873613694,1.815172206,5.762714264,9.690958791,18722167,32,72.94077659
992,233,9.676071173,1.435337278,2.432326645,6.247167716,18847956,16,238.6124582
193,603,4.885621596,9.107158661,8.503668503,3.10897189,17290129,96,127.8913736
176,503,8.442869585,6.689963483,5.067619291,2.358670991,16574030,32,273.2322564
876,115,8.975597586,7.218262237,6.310267612,9.802319868,11671366,32,93.03337359
578,785,9.024058371,4.894096132,4.980455031,5.152038015,15199632,16,276.7706637
844,400,1.622966914,1.716266011,5.957390614,6.113845533,11813741,64,37.66472912
747,992,4.836818357,7.357292705,4.218683373,6.731924441,14389205,128,63.11056399
890,537,6.831877317,1.397056606,9.726475077,7.350662195,10087601,128,20.56261969
472,636,7.645761813,3.784581161,5.861185839,6.636299602,12101256,64,75.11986017
239,101,1.933687821,1.397418369,7.149103256,6.309518246,12923094,96,13.70442772
527,465,6.310560535,6.430769687,4.40304506,5.361005054,19175259,128,95.19239664
383,135,5.47236971,7.215314139,4.215710007,7.2876335,10957672,64,38.54116249
245,493,5.759160705,5.054852786,3.30145912,3.738711901,15432294,64,112.9911308
154,230,1.166067886,7.641998066,2.417191337,4.947123972,19847815,80,65.71990538
991,299,1.83839821,6.234913913,4.887398349,8.029879684,12101451,48,79.60607362
414,946,5.310494829,9.559125117,1.451228318,8.613025875,14797295,64,58.98117113
830,685,3.04525117,5.582173634,8.56990886,7.505142522,15677341,112,56.25257206
288,669,6.919178277,4.050028998,9.469383802,7.833464735,12891075,112,41.55897021
692,457,1.007121474,3.553300463,7.127372741,1.525742822,16412550,128,77.55743694
514,434,2.132624873,9.002816003,6.28605972,6.750807675,14894923,128,51.79188275
585,204,1.526477611,2.546217054,7.914837552,4.096347318,15714472,112,32.81055784
296,714,1.638685939,7.888618343,5.265912806,2.895178207,14486997,96,64.83260226
476,874,2.610103608,8.129201182,9.949075627,9.41560781,16744381,80,63.23390412
564,151,7.422803272,8.325264219,1.60940558,5.482700017,16356486,128,91.43402719
410,269,1.016100181,7.761813109,1.298686319,9.866552858,13293819,112,57.2604053
409,413,6.51647069,3.584256457,8.16915169,5.27709927,19537536,80,99.12337184
412,276,3.881005685,2.01106691,3.462525539,3.201132811,13417201,96,39.99515009
999,618,9.341098209,3.995428682,4.897657481,4.241473563,10077793,112,80.04710436
380,216,8.23826995,3.982821962,1.59508267,3.893414463,15573402,80,112.6959164
602,499,6.884620422,5.675868268,5.09025088,2.43614242,13724750,112,148.2977357
998,680,4.409750736,1.449466988,6.527329648,1.96034234,14718870,16,433.6014507
318,584,2.342664875,1.814558667,5.876414056,1.017680427,19655142,80,153.0747828
151,635,9.926076272,2.779415737,1.953227161,8.611447555,16855136,80,69.48155117
887,121,2.330887786,5.309321633,1.468198549,6.417764364,13114221,96,49.66855288
104,969,1.740706156,5.511634327,2.834156249,6.198204542,16426959,80,53.64080262
804,860,7.460100653,1.354579835,9.817099718,9.36805506,18805055,16,253.8435376
862,634,7.9323831,1.556692853,1.975516338,1.890650238,18815309,48,285.6325083
256,881,2.941693967,9.924055386,7.146043087,4.802031866,12947816,80,50.17245603
679,898,5.65058063,7.527194693,3.842924027,1.73322049,11388389,128,168.3767507
756,705,5.05592653,7.794789311,9.067355255,6.944936288,18891887,16,170.3106513
466,907,3.376538631,3.643792747,7.070259241,2.603075866,15430649,16,310.9597201
137,703,6.459732712,8.531586233,3.881340667,6.279541238,11184274,48,68.65549874
647,286,8.834599939,9.664944451,9.641098619,7.766695736,12451568,64,67.42126608
398,782,8.651041307,1.379204767,8.212911603,7.793014778,14483476,48,88.93762398
142,318,8.22438085,9.952609446,3.570859953,1.633030742,18156767,64,242.2777712
137,185,9.571234431,5.161505377,3.793423908,3.460840729,11037960,128,72.88774538
149,540,7.560572514,3.464704735,6.177674807,9.852981193,18697634,48,84.04437327
876,257,6.272903209,5.00351385,2.283973754,3.892472449,16089823,80,128.5217781
546,945,3.679808755,4.630065645,1.018664205,7.844589946,12306420,16,111.2093041
890,824,9.463333658,4.425578254,8.363104373,8.250562618,15960037,64,113.7747183
367,421,8.354573192,5.043429062,7.072712516,3.838904504,14290596,80,123.0533409
903,409,8.793018738,4.499608666,3.781420323,4.279223202,11368627,96,94.67568827
740,270,9.821251547,5.883979574,7.356682964,2.549382717,11372921,128,123.0836725
944,938,4.929809491,6.922617675,7.104314597,8.551418776,17537723,32,163.4238038
738,811,1.384415343,4.024971973,4.63562616,9.183495685,17288544,32,183.9433393
172,219,1.553080921,2.943153404,4.464583802,3.545445001,19885650,32,95.60051417
944,998,1.964330849,3.395146807,3.771573107,1.138369829,16526441,64,282.9703164
654,467,4.973847754,7.326387652,8.526741019,6.611546003,10853269,48,63.2006731
712,422,6.226723525,5.153108515,5.052573214,9.720007729,12714956,80,47.87225199
665,236,5.329536144,3.035454826,5.465246659,5.922451255,16541815,48,85.31291032
217,593,7.203559033,1.838658419,7.299986377,2.346643415,13696049,112,86.55354929
468,437,6.639226642,7.535425054,9.935312106,8.26679816,10784279,96,43.74606895
322,258,4.649961973,4.980128489,1.595754256,9.933129962,18777110,80,56.12512946
367,162,2.914804428,5.289465031,6.335085844,5.85717808,12935256,128,30.50467348
999,775,8.805620354,6.233093243,2.288552352,1.261652446,17819695,16,403.8250623
205,718,6.671819908,6.44300215,8.982517451,6.55924773,11388801,80,57.31062484
438,500,4.637720496,4.845149236,7.001365394,7.140013392,11804597,128,32.24980235
840,350,8.306996492,6.413400405,6.794809382,1.488493347,17150121,128,242.2895133
364,832,4.551132529,3.63102575,6.285016245,5.081159365,19556940,112,75.47159648
542,175,9.957739581,3.8747388,1.408374012,9.998084664,19005948,112,56.75550437
730,421,9.87533203,4.116132012,6.907193384,2.906118314,13673590,32,248.3663156
100,611,8.092015967,1.928091694,1.688243027,9.028065669,16887930,80,49.9028821
455,656,8.059676949,6.088904304,8.160441246,1.110590182,16547783,48,315.6826789
385,505,9.147692772,9.412029924,3.894999039,9.417648088,15173416,112,68.3884542
1000,531,2.055036841,7.575042248,6.657160051,6.307924257,14889817,96,73.44054103
854,365,1.312344244,4.067017443,5.914148802,9.055419594,11450685,16,129.5318668
152,369,9.291520886,2.067915563,6.728232517,1.169437132,19958384,80,184.1488924
228,451,5.48040568,4.340184815,5.511205227,7.113505599,12486662,16,94.87203431
950,867,1.798031036,5.693080409,6.603729629,2.69023286,18416203,64,146.0738378
854,116,2.956754849,6.561540825,2.809169307,9.916208531,19262503,32,129.8629057
964,934,3.921035767,7.817843452,8.139916802,4.464702728,15030235,48,137.8663106
807,989,5.945134947,2.022379311,3.574726229,5.825735251,12169370,16,241.713954
776,778,2.541542127,5.582704098,5.864555376,9.943915675,16725460,48,99.089046
449,810,9.88512073,4.25271992,8.023695448,4.629283391,16074967,80,156.200053
653,284,3.643199437,2.262492279,7.018802278,5.844928205,14513158,32,104.6452048
535,941,3.059976674,6.703042436,8.862014522,7.286673881,13065633,16,106.6279423
510,868,6.498965512,8.852312487,9.437256606,6.549307569,13131524,80,73.9548955
657,565,9.802925378,2.777297903,5.651769539,6.903715655,16680053,48,140.205219
881,161,9.95051005,9.860455647,3.250823071,4.988110595,15693045,48,169.8350697
573,412,8.136071747,4.91650088,7.225939631,1.083739841,11486197,96,168.9039717
234,888,9.160726519,3.772628727,7.278793278,7.876006895,15674684,128,63.06845641
761,942,3.631332828,6.576881486,9.533870533,4.050866074,18609771,32,245.1911559
990,864,5.909593167,3.370498485,5.901396954,9.667856792,14677305,96,51.6322794
579,112,7.601460552,7.292834336,3.399324213,4.489728116,10643033,128,63.86827159
382,724,5.704041743,3.65738887,9.131221215,8.987334061,15522191,128,35.42413902
717,569,4.196860848,4.675856251,7.87908388,7.35858763,10541074,80,39.60611796
236,546,5.712386844,2.18789464,2.314723641,5.151495108,18282385,32,146.8921533
553,453,9.527737586,5.147556976,7.485429788,8.768123667,19743979,48,139.9120126
556,855,5.35640094,5.736801819,4.931881136,6.621089005,17272840,32,183.0418406
678,766,4.529798102,5.94481889,7.229901783,4.962604665,16408559,32,200.5605247
875,113,7.786861431,1.988981328,7.771893104,4.393635225,15767246,80,70.18259192
156,299,4.26216957,7.045507634,8.949982749,8.275636975,18842599,32,97.49625921
249,948,8.403740999,8.591635731,8.126231709,7.93875548,17935913,112,92.3203342
468,294,4.529919558,9.811669282,1.170217844,9.295958767,17433704,48,68.19565248
317,581,6.647888429,1.118849197,4.052939089,3.808471963,16138660,80,70.56492066
236,546,1.130221571,3.807705563,1.882265063,7.300361275,11917846,48,54.81506038
281,573,8.779414699,1.65052555,1.274773166,9.228661404,12904246,96,31.55860138
470,382,7.785334642,6.444174093,6.032441391,2.608261695,13099310,16,218.9683876
286,762,4.274589115,5.188846875,4.229666894,6.188153808,19347833,48,107.6859107
487,703,4.881162415,1.78708611,6.509337927,3.568471971,14708584,112,54.56718779
975,395,6.604779404,1.194549849,4.573498538,7.906701872,18034705,112,30.52150512
240,688,3.42487475,1.924554249,3.187594552,1.128392123,17764909,32,268.1175351
179,253,7.752454253,3.525495727,1.05146748,5.939536052,17989051,112,63.316818
131,592,9.463048246,8.229336997,4.620080019,1.134675359,11799844,64,171.8257565
217,259,5.685088793,1.560355651,4.701487463,3.525127894,10000153,112,25.35356307
929,775,9.62090516,9.753656342,5.81781794,6.642078228,16456597,48,174.7691197
981,533,5.813764515,2.309523221,3.06730645,7.149932235,11300743,96,37.90230298
666,186,7.339159011,8.785808091,7.725885452,7.198404924,12691770,48,79.90087795
686,774,7.325512009,2.56428167,5.935190219,6.936034515,12951541,64,75.81406045
263,502,1.707480238,2.258616733,1.330855144,4.235647768,15348684,128,24.11036277
915,369,8.545167604,3.95612496,3.478398409,9.997270874,16746166,96,60.85365295
831,590,5.744814499,5.351127526,1.039882098,7.595985698,10369297,48,67.07032394
826,508,8.154975406,3.164048947,7.704765862,8.408118453,12670828,16,158.6708572
110,820,4.353797448,2.77826234,5.165278893,3.944854622,18171219,48,128.9809935
857,694,1.96799831,1.482113723,9.399323189,2.881041377,11259162,112,30.62045145
798,342,9.662042344,9.190714711,1.906473538,1.644727785,18027297,16,318.3414414
638,255,6.386633212,4.999753584,7.648880536,2.668479499,10105527,48,132.5807421
602,599,1.488820619,5.226304132,1.899662811,5.75858211,19587908,80,91.10860491
308,827,1.348843324,2.154231673,6.389706532,2.694186813,19819968,112,48.24216652
926,471,7.214374302,5.647621578,5.66851786,1.955446872,19212121,32,419.1815684
405,822,1.462941187,2.887853558,3.602909149,2.119322426,19882153,80,93.67920065
981,967,3.296101233,4.388387669,2.288071407,5.6735293,19141126,128,71.72291017
740,179,5.557034615,2.184013349,8.49663234,8.995923241,13857775,64,35.17006016
469,770,7.309050302,5.991803768,8.007314701,9.247897574,15166436,112,58.76610994
741,666,1.658135938,8.368134112,3.134549628,1.759789881,15581212,48,180.1044538
566,157,1.813784485,8.585829292,7.551296701,2.315110455,16910168,48,125.7154055
694,532,4.276322258,4.033074185,5.571652123,6.356466213,14321460,96,49.93934178
954,831,7.613078277,6.232677133,4.517598808,6.393625848,11695111,64,92.50758004
586,935,7.712526721,9.090824674,9.877723816,3.378794461,11839101,64,139.9747975
997,671,7.254636326,9.83664222,7.74087843,5.518218959,16370950,80,126.1148658
697,968,4.500104042,4.195923054,3.826927363,2.378786914,17625390,16,459.6673081
143,549,8.933520228,9.081857869,8.625812462,4.922937085,15272791,112,108.3826652
176,387,2.909875454,8.647698114,9.745231145,8.057714046,14628804,32,72.93365908
321,744,5.492448635,2.428377617,3.836953967,8.039023988,11255731,112,25.97541261
626,583,2.857321954,7.853324198,6.823083256,5.162397462,10941064,128,47.50135803
641,632,9.809485361,5.906326168,7.722074788,8.999247719,17761330,80,100.7691987
204,323,5.472301645,3.243772654,7.876226117,6.476372107,12001274,112,29.39504933
807,134,2.758855862,7.801119261,9.560337168,7.212151376,16755245,32,118.203306
472,585,9.331143491,3.53807864,2.877150648,1.903009704,14263928,48,246.4750195
794,862,1.329213869,1.813136393,7.257602987,9.740412028,16586425,96,49.34162664
455,158,5.722668023,3.913037769,7.189839786,6.50811965,17234355,48,84.87219
120,200,5.265287109,4.771793179,1.238353628,4.561103774,18637457,112,64.22212934
768,771,5.069065005,1.045368905,8.040072514,1.122831301,16999084,48,262.2431805
137,239,9.59432962,4.040188641,1.647292877,8.168108498,15932907,80,66.57900596
871,371,8.104122391,4.145645114,1.879080218,5.829554175,15966259,32,202.9528177
383,310,5.359842678,1.586933513,2.32668925,3.449495959,15934954,80,60.23548937
696,908,5.819878711,5.771102978,8.306210644,1.922930696,14577511,112,200.2942033
175,695,6.646659083,6.046499226,9.716709957,9.223579639,19537146,32,141.400151
965,354,3.260267107,3.578021081,4.820585413,4.651668001,17408602,128,52.67449784
274,993,9.034435317,9.561505431,7.822181086,9.290422067,14432875,96,70.59463334
769,341,9.449454763,8.620386866,4.046771161,1.992281904,18047028,48,313.4232609
976,621,3.047681234,3.786751974,4.754832465,8.524047955,12273875,16,121.0135653
464,193,1.509304271,2.197911676,5.65699156,2.327716762,17716342,16,172.2637482
715,264,9.438472551,1.169122779,6.968875892,2.800082518,16419328,128,63.79986763
518,278,1.741767987,2.418875676,2.147310851,5.077621116,13361335,48,51.47764468
525,262,9.683503133,8.799523685,9.888434207,9.073572859,18549528,48,112.3534763
213,132,5.587008868,1.482733581,2.306188226,5.255005884,10781716,96,17.63953304
381,579,1.022527407,5.077715592,4.449262729,7.541042323,13177283,32,117.3062499
559,344,9.352470532,7.561207069,3.158022321,8.257196881,18861107,96,95.01722026
147,623,1.082346695,3.802018177,7.205938054,1.334397295,17466891,16,199.3859639
101,187,1.964351943,6.312283671,4.531514857,4.895498358,11642919,64,33.00059891
980,568,2.128451588,3.945902269,6.597402408,8.119311615,17856505,128,53.15414548
987,486,2.342067649,6.147493067,9.679165388,4.958629934,16430321,64,88.10280442
550,890,8.889838848,5.171153877,1.634631457,9.833906858,18303559,80,92.65517998
850,897,6.008717994,5.448566843,1.171475978,5.346862531,16249668,96,108.2928617
801,111,4.921106564,2.546141694,4.914432058,4.835979851,18174580,112,46.29876018
802,865,4.524018499,8.835009058,3.149423635,4.575702333,15673046,112,100.002254
716,703,6.934658277,4.907333602,6.246118532,1.797141732,14094925,128,167.9976044
555,839,2.274750138,5.26844182,5.733050288,6.594177796,10200891,48,60.12291384
106,674,5.046956977,7.811958851,5.586892132,7.540646958,12303940,96,48.01808929
231,423,8.906235529,2.206232592,4.056934307,1.973407334,11029578,80,107.5422795
324,710,6.396581336,6.6075029,5.651420488,6.288940134,14481967,80,76.79469061
398,180,9.966074467,5.275846388,2.946404659,5.258707599,11180541,128,61.85417747
387,324,2.838055239,3.112930831,1.75086428,6.749465939,16145779,64,46.81282949
922,779,7.248947682,5.761022972,1.256166537,6.504458717,19287385,112,112.6443052
443,271,8.349322189,3.425100651,5.105377259,9.755667688,13272328,64,47.37376761
704,332,6.365491684,2.453762665,1.526075601,3.580017856,18735809,128,77.95885324
142,989,7.154735255,5.245130888,2.17422696,6.652434315,13830897,80,75.57854509
171,732,7.74056762,6.435066327,5.659194183,2.771375802,14282609,112,154.4941084
911,332,2.668963732,2.036064773,6.947623782,7.553044667,15670271,112,28.15705132
260,517,8.495042832,7.257151721,4.535855149,6.71273996,12659888,128,63.99558544
419,244,5.483029593,6.591471228,9.592181665,7.896258204,15056601,112,48.31902289
602,237,9.984583046,7.229146337,1.602548825,2.206519525,16922465,112,227.5231159
514,610,2.68288471,5.532558045,2.915630213,9.134910767,17781682,64,70.90789413
404,358,5.167956727,5.143774533,6.400753497,6.594001588,10736800,16,86.5044663
802,858,9.909569039,8.675829619,6.891776086,2.134703226,12646247,112,220.0390167
665,139,7.29401671,3.036741815,6.319284346,8.432612597,17693883,80,52.07080245
602,325,1.747652711,1.571764824,8.180744566,7.772059288,15185053,128,19.72098184
384,837,8.89935341,7.91445257,2.433715059,5.521121313,16316200,96,128.7554982
266,353,8.479887232,5.740085988,2.727949215,6.400085093,13851465,16,150.1844792
788,334,3.191662636,8.186930794,2.507108764,5.642892419,11858123,48,65.15271664
145,804,7.425923779,9.07197776,9.847513854,3.067788636,19384494,32,312.9354277
112,469,5.0099055,4.778614341,7.921138094,3.776455323,19346755,112,90.4805963
198,225,8.330838022,6.826045557,7.33167175,6.627239057,10761650,64,54.6957283
191,938,4.615571674,6.223603103,9.947451119,6.373541235,11914518,80,49.96513486
485,874,6.007632545,8.934669751,1.780207787,6.691477894,18242750,128,87.4636941
876,950,8.576662022,8.405524602,6.500195627,5.605148481,19065255,128,154.9983773
631,677,7.192084056,5.941319916,2.130312719,4.601769776,10402439,96,85.03735423
429,445,5.983289472,7.104448186,3.50011986,9.860671192,11198001,48,50.24030733
306,919,5.042465995,1.001366316,6.627605455,9.641832187,12286112,80,25.03827214
496,470,6.509857365,7.916564778,8.264155228,2.076641306,12571789,128,149.4139001
268,632,4.342001504,2.527610002,6.016156315,5.091523558,11406261,16,124.1153352
561,935,8.310950634,9.583419517,7.052812378,2.64617723,19804421,112,294.6111228
450,576,1.070493255,6.136950648,6.7335837,1.393376266,12751560,48,122.228405
949,613,7.624758199,6.154533385,8.022878263,2.740842822,14215300,32,307.5490644
569,588,5.915141795,4.959229696,6.755234419,3.506814341,17946822,32,290.8911777
463,256,3.847435417,6.45094378,1.804089056,4.546709899,19034236,48,116.8907819
275,798,5.757191282,9.455820204,2.173939831,2.643809481,14331044,112,147.4253213
956,764,5.373943683,7.762944571,9.360099859,6.143561501,15996010,128,85.91420555
157,726,3.570723365,4.530894922,7.690983682,1.922423955,19354989,96,154.5229146
181,648,9.12919136,8.901973959,6.422128539,4.656546773,17774443,64,147.4541936
513,704,2.55389983,9.476366745,4.943874056,9.244120183,16546860,16,109.6365485
994,358,1.130621624,1.945963817,1.435789225,7.331206289,14459973,48,76.8518765
320,240,5.838569375,2.662898795,2.238430712,7.752494105,18509852,128,30.43962264
481,737,6.692622392,4.069443045,9.925918267,8.038359029,16544456,96,62.85922599
714,380,1.518516033,3.152925347,4.496714581,8.220270262,18175005,16,180.4411051
948,787,8.470961445,7.509691545,1.73678625,9.534152444,17220579,96,90.63100719
522,845,3.843732338,2.846733534,4.152999265,1.054909866,15363601,80,234.8715832
711,891,9.150301834,5.740294636,3.20396676,4.214552944,19086046,112,189.5233691
246,187,5.001828705,6.166907011,3.428874287,1.766325762,19383782,128,156.4180069
165,214,7.315192398,7.589385343,2.634417711,8.114646217,15201390,80,57.39471006
854,151,7.246650466,5.132903036,6.877090151,6.345007677,11617035,32,117.9974411
447,212,9.547846714,2.019344836,2.56603946,6.046325403,13254836,80,51.5610311
588,285,6.966179409,8.710093223,9.763060688,1.126146335,15569406,80,265.0768015
239,963,8.061873323,5.179848119,7.408448711,3.467361433,18126918,64,213.8712835
263,704,1.054955578,9.598541697,2.098309349,5.23602584,15679303,16,113.1915259
786,893,9.920617003,1.449681007,9.027094806,9.094629446,10500437,16,181.6033931
656,745,8.605523928,2.95126579,9.334253414,8.486236832,16978591,96,70.87019086
129,387,7.958986758,1.41092765,9.117171697,8.209359335,18098993,64,50.19053984
451,728,2.834022369,3.058219825,7.744741782,4.277316242,18548308,128,47.65434527
840,322,1.738527894,2.415233324,4.59176992,6.715478984,19226054,32,127.7387202
276,870,3.144237254,6.232034055,2.584225077,9.656138622,12375654,112,37.60723639
492,446,6.631726832,9.055768791,1.503989785,5.619976097,13761154,112,76.13282895
876,326,2.348763486,8.200864428,9.062579026,6.060681,11406339,128,47.19001794
296,920,2.179462819,2.583362857,1.534962009,6.450162442,17616283,112,37.09163857
819,938,4.879909104,1.498269773,8.909632278,6.134690199,15574293,96,48.64919639
936,538,2.226582285,7.064762458,6.045080051,9.698421423,16837230,112,67.97756982
760,951,7.279175881,6.933570921,4.060685803,8.757954438,19623293,16,195.6731758
887,442,9.593924656,4.799159254,2.141680869,8.882616491,19091002,48,148.8996949
539,722,9.934690653,4.528743528,2.511536858,9.999979895,15396144,48,110.1461806
280,444,8.226079615,4.818018597,5.151038603,9.524042346,18089231,32,137.3381927
150,308,6.536164044,4.511328208,3.987273812,9.230119657,16784930,96,43.81616378
469,850,4.828693151,5.006611456,4.968838557,5.2729366,19666842,128,82.7998364
155,821,5.411089786,6.596682124,1.068348098,4.664031744,14729395,96,82.21350265
479,622,7.543796199,4.888368104,1.065271674,9.501102368,13722504,16,120.4720712
291,583,5.526887555,7.31416125,6.560219885,4.204366117,12174550,80,86.38464928
193,611,4.817697251,2.199105156,1.036953656,8.754909626,10019622,128,15.48832488
582,877,3.036403808,2.115803467,9.218178922,3.447352823,15960457,16,283.2287076
656,525,3.920605419,2.938465137,2.636528086,7.486136497,19577851,48,86.6777885
921,291,8.782993687,8.606855213,1.752522262,7.779417924,11226714,32,121.0029817
116,212,5.452716299,1.904727247,2.255861181,2.085587688,12889523,112,50.45138788
719,621,6.318132654,5.817530884,6.404973418,7.507835774,17303059,128,68.79098511
249,240,5.724623495,2.415540659,2.668429922,6.160273268,11784984,16,103.6249988
689,883,5.529943956,6.371026066,6.647489032,6.232788136,11860811,64,72.38935328
999,621,7.082278819,9.391453434,9.634140612,3.839819465,14421009,16,258.9747996
185,355,3.629908622,8.289032799,8.396437699,6.292018789,18101433,128,51.47507262
289,467,6.628812058,7.489116006,7.875228172,4.409192908,10500888,16,126.1584833
929,682,4.731523696,8.820433798,4.815640763,3.110754736,10781442,112,103.410224
258,300,3.204529214,5.617200183,6.021651236,3.238979697,18194399,16,172.629976
608,886,8.080971681,9.540909767,6.05459811,5.628159166,11712859,64,90.09701777
670,643,6.383046938,5.324259264,8.474971703,8.66740592,11029996,96,45.15501833
239,412,4.000599553,7.299003611,9.124442074,4.195351772,13421238,64,64.68775535
148,384,1.661959466,9.83194564,2.070875917,1.963810289,11126211,80,54.54270601
567,186,8.196510173,4.239441267,2.54969917,5.097157689,19874729,96,113.2631552
182,964,3.912594957,1.797027201,6.648643577,2.120490105,19381616,112,100.8852279
564,504,6.469925191,7.072934879,5.513121697,2.225514021,14114833,32,264.0147758
323,265,6.285729992,9.063189516,4.889823584,9.728076835,11268538,112,35.05921245
847,836,7.178960876,2.22431263,7.648214473,8.890277379,15199435,96,49.78618693
200,271,9.749660492,9.829680387,7.754576392,4.856735221,13283893,16,162.0793178
272,391,8.00006348,7.776086152,6.415659382,5.785684537,19864537,48,155.006613
593,772,4.599217264,8.969660105,5.047387061,8.266861581,12908583,32,96.534518
932,591,5.014679956,9.530569927,9.542810076,4.61786638,18414371,80,125.0476213
268,917,7.500677169,6.969210442,7.947915645,9.456225871,13095412,128,48.83232117
617,507,9.648711776,7.688758706,3.367039706,4.194505774,10734736,112,107.9426363
508,459,3.983846682,2.339390995,5.851839693,6.961531048,15424208,96,33.93577194
592,719,1.936348801,7.259306243,5.966218128,8.261342108,12946331,112,49.66125345
315,835,7.452711092,7.063470159,9.431198739,1.47304076,12504430,64,224.458431
887,934,5.335461224,6.786652302,1.97206945,7.996548399,10192928,128,42.11487436
638,559,5.23600933,5.1820281,5.687683519,7.076665216,11868990,80,51.02661228
310,921,7.473089172,6.905666269,5.872457098,8.493163251,18890630,80,94.25232935
779,346,7.103935171,4.896633896,1.76224393,3.516240545,14235209,64,143.6560946
676,839,2.055771354,1.744539318,6.710028026,9.530026434,10740413,80,32.17079854
448,747,7.587067767,9.719753743,8.777553673,2.392987082,12445945,96,172.2555833
146,713,1.812140757,9.528510699,7.766650287,2.541353687,18380958,64,82.48268151
306,197,7.344893575,9.303177228,4.158694118,9.403158217,14782688,112,49.53413367
421,184,9.635196019,4.208095409,2.927265703,4.413611939,17057577,64,137.6304877
759,164,3.115624636,5.363198201,6.926810153,3.564178424,15080266,128,63.67657018
758,922,8.530867787,8.654485552,9.342894097,1.523510115,17244436,80,353.2113605
977,782,9.58333316,5.131234583,1.530490247,4.950411876,14545989,16,293.0485299
197,879,5.878444142,4.687716633,6.550319638,3.832584555,11931887,80,88.83655787
233,326,3.407335071,7.014806501,3.09544875,2.320696329,14844300,48,137.1519339
231,861,4.550294832,7.729251754,4.871047179,5.319564752,18775206,64,90.3170104
311,501,9.480053539,2.458722538,2.23616941,8.263047811,12342871,112,34.738621
230,854,6.018259983,6.42015683,1.764858237,6.154432859,10743065,48,77.90794182
548,395,6.949968143,7.730051446,4.821873397,7.574583841,17462457,112,77.95435214
847,162,3.86728866,2.325118885,9.635839762,7.936055206,15150481,16,112.0722013
159,706,8.628190078,3.001909362,6.449082385,5.448224091,14901904,112,70.4804275
458,441,1.491133375,3.318783749,3.668485218,4.557249346,10703731,16,99.94931173
230,113,1.283710697,7.732247636,6.615873707,7.045401214,14917342,48,60.98475647
155,818,8.208397123,1.438712932,3.189860776,6.842293698,10322539,32,87.74910951
433,873,8.281573333,7.549256741,8.176954737,7.899774739,17754153,48,134.9590764
219,277,9.622839943,4.059509176,6.881631178,2.81664496,12066760,128,88.99914122
238,213,5.622641195,6.606212687,2.968896179,5.291303734,19895489,64,92.37505031
410,330,8.163401066,4.593025943,9.414769666,8.767761037,14607132,32,118.6297092
151,517,6.106629515,3.127190499,8.714365013,8.515509003,18296647,48,77.26268244
709,664,7.482462039,1.433311238,1.065368638,2.647044896,15948398,128,104.1281476
438,207,4.727702607,9.993349808,9.788028785,8.933848397,13062426,80,40.90083027
468,205,6.85306078,8.003694522,9.365952639,1.635649211,10451096,48,163.7720361
534,948,2.158121761,6.135147031,1.710777154,7.250035028,11177585,48,66.65597796
935,157,1.88548717,7.581069639,6.592806693,2.646425704,13635681,80,92.36805272
160,559,1.343022898,8.11399288,4.638225877,1.975308402,11917215,96,52.44864941
191,302,9.533837088,1.9984604,2.190310018,3.525327964,11223747,48,102.7430334
609,118,1.035515597,4.615502583,1.243898798,7.41650995,16882937,32,151.9859662
813,654,3.464059481,2.213235326,5.962104379,9.842650866,18490066,48,79.65922737
498,332,7.230015414,6.920632037,8.844040221,3.0186727,17099153,16,279.4406474
397,143,6.768069032,8.855661873,7.415706025,4.062700418,10337138,96,70.75590253
397,441,1.375843323,5.986936444,7.806019038,6.701473231,13146754,16,97.31562138
710,618,1.629655829,7.546670838,6.144128985,3.598539222,12370339,96,64.23112941
201,853,9.801871644,8.957855307,6.012472062,8.285020009,14010515,48,101.5416892
181,777,9.808941765,9.762520842,6.774367189,5.426488296,12551811,80,96.95190907
395,378,6.496129443,4.080513173,6.003095131,6.606503909,14676818,16,144.1788712
543,253,4.853395423,3.051697546,9.902401151,7.411086967,18404403,96,45.04466963
346,588,3.043382045,4.066660431,1.295715333,8.24313216,14559324,96,38.07514501
349,372,2.705046608,8.194308881,3.824923037,8.400398423,19457306,128,53.72871733
562,749,3.477940422,4.302403432,4.949998686,4.8092736,17231522,64,92.3802774
215,312,9.292743047,4.187919805,4.59450176,9.596366648,13644015,128,37.07559943
280,779,2.518684704,4.105315307,8.377922456,5.237587582,13399837,64,50.49466681
196,248,3.074068417,8.514509835,6.921755837,6.519322015,15082213,80,42.56375599
461,697,8.420978559,3.981290027,8.379701444,8.598451467,16759310,64,89.5932951
853,925,3.976976236,3.147364396,4.477601736,3.272786427,14030342,128,72.56381702
173,831,2.201005024,4.40021559,4.907840785,6.967121604,16609114,96,45.12496066
199,105,3.754474718,4.780978883,8.12730404,8.525075558,14502632,16,70.17066216
996,395,3.697611264,2.071540355,3.207722427,5.277977476,18909815,80,59.16726375
127,627,9.739529328,2.043468225,6.80182316,9.137363918,19936397,96,59.74656415
444,911,7.873813997,9.180427442,4.083699268,8.023740019,16691316,16,169.1731129
466,470,1.884218108,3.480964588,7.017270699,2.382989638,19209382,32,193.1136723
450,737,7.01424912,4.910773098,2.722655619,1.182966304,14647126,32,311.3699646
736,378,9.394642919,5.447518574,8.090755216,5.580868597,12778773,112,83.61232591
418,775,2.710084609,8.588389163,4.72013762,2.919219631,11002875,16,123.131633
678,313,7.545916014,5.058701004,1.135488157,6.881107706,13763809,32,146.4503605
939,275,1.470783042,9.77872241,5.372944596,4.201899733,10352895,80,60.30933714
878,537,9.30083558,5.456843562,9.215607536,9.075197378,13754131,16,152.4973063
692,774,2.033596614,2.337387042,9.147538858,1.365753037,19545251,112,129.4961934
749,284,1.628792046,8.68651237,1.751265553,9.755993908,12412720,80,56.72917318
186,510,4.435380091,3.733617775,6.228896536,1.562146631,15203035,32,254.4158385
545,254,6.273022106,7.833891473,9.719425569,1.27994741,10506321,80,173.4059234
782,839,9.428974746,6.535817438,3.13290703,6.29620233,10662755,96,84.43835306
942,936,3.128628149,5.794335575,4.301812288,5.55614541,10146573,64,59.91018605
539,201,4.77635772,2.470555003,1.339536881,2.384927512,14640280,80,89.74526834
923,735,4.501851959,7.093116509,1.658219509,4.384404198,19979955,80,143.1909709
154,950,9.598398491,9.151400192,2.738408907,6.49198139,11388227,16,138.8729033
435,121,9.17581983,4.385793167,9.251660395,7.858284721,19168812,64,91.11274838
795,221,2.044505703,7.142876284,5.486994772,2.380677046,14149846,112,87.5773356
266,531,4.948593905,6.291191564,9.539287277,1.952847513,14398368,80,168.9845724
349,665,9.54170546,9.870295273,6.487916195,6.483088258,16995234,96,115.2363744
866,754,7.281983727,5.841422887,7.903174004,7.589252644,14310366,32,173.8849063
985,485,4.811866048,8.479056641,2.378032068,8.326646242,11782551,112,47.61573672
479,397,6.413878152,6.978995573,9.103620879,5.762080027,13610889,80,75.52255464
101,587,4.576281229,7.000966791,5.356209428,6.793056638,18589197,32,124.4778759
666,600,2.147827178,2.57633921,1.973990584,9.702778897,10654019,96,27.542485
316,303,4.947712005,3.599351794,4.16253956,5.91539041,12848851,112,33.62501478
965,979,2.24556722,1.711913186,1.536863949,8.410938936,16913866,64,71.44924617
531,341,2.999868502,5.121077808,7.778743639,9.894137286,18475253,64,60.72815132
518,608,7.93200735,1.055863625,7.475254274,2.168643022,13100661,16,284.0090747
775,626,4.613682624,4.792154221,7.905043089,7.50492795,11376127,128,35.35020733
524,539,2.736251021,6.753348994,5.618786851,6.714781807,19438763,112,64.69317698
426,428,5.697994826,6.65887233,7.943612543,9.408910787,17120232,80,57.16304994
531,990,7.315881896,6.641487884,7.741324147,6.973004604,14708352,16,180.9924486
488,548,4.986718778,3.71363255,7.762509187,9.017996596,14482085,96,38.14927435
167,719,4.424350136,5.491162002,3.944240953,6.043842607,15551640,96,54.92461014
811,243,5.481326441,9.482103621,2.782340936,8.058012376,14825455,96,57.45459199
344,556,6.133978768,4.12632716,6.108126749,5.886904701,19697866,128,72.50257301
746,842,4.410095208,9.500567912,1.357087438,8.145219116,14825336,96,61.28543401
282,897,1.335757775,6.069645727,7.402415769,4.519531507,17510539,64,80.1271987
775,568,8.549658996,3.748675068,1.755087464,1.156373742,10453784,128,126.4222968
640,284,4.390490944,2.892493211,7.74425355,7.841549165,11083090,32,63.47294354
963,438,3.622218015,4.511926644,8.236109451,2.708552591,10293394,48,120.2555528
725,866,5.46909343,5.771037541,9.826025683,2.742499243,11211141,48,179.4724932
745,614,4.36193158,5.10376682,1.761886239,4.450621315,13507042,64,89.91945338
343,886,8.827776269,7.7724889,5.212641848,2.497024091,15295654,64,240.6420376
428,762,6.713747298,7.721359542,4.082665591,3.701012789,16999352,112,153.1031458
601,219,7.332341008,5.62658093,6.052812316,8.327871595,18886605,80,78.94027901
951,752,7.570234836,5.811178242,7.480897515,3.273990399,15832994,32,343.0413561
479,962,9.570083585,6.962168922,3.750488435,1.722808768,14384818,16,293.5429592
302,358,3.216717367,9.577584804,2.559166806,7.613462782,13827334,16,74.7700212
595,135,6.75054816,8.750801606,2.933004157,8.449717372,16650637,64,63.08901501
750,133,2.057122129,4.983562036,6.590598647,7.045785372,18684057,32,137.2078359
689,285,5.534239505,5.464661577,4.726196886,8.174044613,11421055,64,46.63797712
785,573,8.838787632,6.203466408,8.912199065,2.173004609,11156786,96,176.7963657
303,556,9.281663104,8.858132777,7.082523545,1.914463301,10194042,32,166.7350788
123,788,1.931003551,1.259162094,5.199935982,2.192470404,19515200,16,231.9098802
889,367,7.892420927,5.422681633,6.50543508,2.375713142,10438960,32,202.4302454
392,297,5.733460883,8.834009291,6.112223085,4.521646754,12829677,80,75.25854969
830,441,6.67621618,8.739248548,2.085386519,7.963032131,12501570,112,55.69762707
216,941,5.350092911,8.807721452,2.434582122,6.471762068,13615112,96,59.73023105
786,249,8.154106671,3.276529015,9.849125113,4.287036127,15916234,80,107.7268445
732,670,1.294811725,5.324890345,1.140416092,5.126222495,16282292,128,65.28400731
212,487,6.929852871,3.723290048,2.249834443,2.817865348,12420620,48,150.031739
539,716,9.292088549,5.259966881,1.06273784,6.948012777,11475130,48,107.1865559
878,384,3.506425956,5.217737685,7.151497418,9.777184869,15602870,112,50.25081897
494,192,9.903425599,6.490671525,3.03402571,9.300045869,18074018,32,158.8041024
511,410,8.700710188,7.444643157,5.069650328,2.468975483,15548325,16,273.3811548
502,374,1.835101437,5.051511059,9.867017695,4.026754298,13750520,80,55.10956407
983,932,4.849174079,5.772564796,1.809566437,4.384238677,18574418,96,140.0464137
402,815,1.931382443,1.97932785,5.022650212,5.983717353,10039886,32,63.25550723
432,632,2.859009701,8.124259581,6.955651745,2.540962166,18188614,80,125.9960346
225,834,3.697915065,7.741947125,5.412956549,8.616814255,19813293,112,59.71175361
154,362,9.203679248,4.201666522,1.72286467,5.489923235,16616863,16,205.5332196
266,281,9.591337296,5.378185943,6.026342757,6.325201841,12650185,16,139.3896646
879,687,1.45326615,9.456674013,3.447947994,1.78257262,18750666,64,169.4968834
196,224,5.441586839,4.678304578,4.905261463,4.643179468,14874430,128,49.2181375
752,241,2.046471415,6.59632028,8.594177404,3.677183293,18554194,96,88.3223691
547,265,7.850711039,4.47521145,2.747730662,1.318804793,15883287,96,209.6778448
646,806,8.362304793,9.891259571,1.354438321,1.750920804,11488673,16,218.3191283
323,160,9.862373476,2.176373192,4.028389201,9.849127259,13871640,80,33.60773921
512,593,4.706797341,1.157431674,1.421760348,4.880030421,10195674,112,21.96827006
514,356,5.813601012,7.115297032,1.321916693,1.417582149,16287826,128,216.6874959
734,707,1.116290646,8.210490859,9.329238039,5.424438634,11296683,128,60.54068303
438,947,1.346632266,7.076654616,2.488198623,9.294607532,16830612,48,106.5714655
880,505,1.460274384,2.799564639,8.276021122,2.482164753,15315093,16,233.506284
222,532,4.230835963,3.752186706,8.607422501,5.839059894,13078832,64,50.14740849
760,857,5.694822303,3.671686015,7.968104323,8.156165065,12745749,64,61.87580204
745,320,4.564516144,4.623368583,4.749697507,3.073253122,13936482,128,79.76531291
297,837,9.32135153,7.398674893,4.842684791,4.626578444,18816122,128,157.9520895
243,911,8.548681383,5.356496261,5.075997004,4.360628426,17038037,16,297.5638981
384,959,3.805245431,2.014940312,3.235379247,1.163007599,15003536,64,222.3255193
733,507,9.546688211,6.566779308,1.864416234,4.025966857,15008138,96,164.8721516
793,123,7.251433094,3.784095081,1.771978003,6.888421352,10275824,64,48.50909424
261,803,8.649080015,9.653367814,5.805565817,9.534185512,12275387,16,98.56681752
390,277,7.873241423,8.531841447,8.359392242,6.727712372,13728559,64,70.25238466
455,364,1.267220477,6.2801061,6.788424988,3.430567067,15030975,64,71.45666814
828,932,7.740637694,7.074020712,8.192800975,9.051505932,10888932,32,114.1952233
786,612,7.39707434,1.421049228,1.399277143,6.762965145,14083529,16,200.4374442
204,218,3.032782809,5.468648646,7.512262468,7.437360609,10461277,16,52.60439181
633,748,6.969250475,8.455238267,1.276144927,5.690369734,10063823,32,129.8663568
875,641,3.856352338,5.637786673,7.312509126,4.924416193,17715470,80,97.74552321
722,370,1.559505144,7.597474228,7.527881215,1.942505527,12304107,16,166.9924629
181,773,4.352745077,2.093709141,1.109673621,7.706810531,19555205,96,40.30158758
889,452,1.43630951,1.355901462,5.363165696,4.547778384,10172181,16,110.4705915
218,999,7.898543375,2.543426129,2.349725555,3.104062019,19814509,96,173.8303788
614,209,2.094172222,7.075955823,6.95544828,2.482578827,12626372,32,139.4808986
972,954,3.77937592,4.313357981,9.577901855,3.38618325,17468070,112,117.9591734
349,533,9.539040601,4.223091925,6.094670893,5.309753729,13461052,32,186.3461022
522,852,5.058270681,6.219617022,7.753146892,4.354249038,16908485,16,230.3500168
801,262,7.366262043,5.503113026,6.695798194,9.889689059,16438058,96,56.71560431
668,930,1.11595953,4.815543788,6.606058085,6.311304543,17362667,128,72.61535096
461,388,5.197140456,6.24380051,4.069126647,1.055106341,19562183,16,360.722192
257,870,5.170402283,1.91756102,2.620083781,2.112124671,10245463,80,86.77350497
350,823,5.057058396,4.737943585,7.508409794,8.60231988,11479900,64,45.80341411
920,562,8.734290812,2.265578089,5.469184944,6.71870675,17527291,96,73.67077875
922,945,6.755988412,7.493134641,9.262040874,6.083475447,13693067,80,104.1698425
758,545,4.326579229,6.311709032,6.535865224,5.720019249,14205729,96,65.18459487
723,864,2.825006778,3.316153616,6.877444414,8.562267482,14095862,128,35.14419699
482,979,1.587693009,1.345550619,9.220876114,8.89476023,19626339,32,126.7556982
366,945,2.849134995,6.252533387,4.191688278,6.587358972,17763023,96,65.85652971
640,963,3.04144866,6.695995503,8.876892791,6.111812159,17718500,128,68.14164448
291,988,6.7168827,6.988018297,6.054056931,9.857998526,11130983,128,42.96962595
390,873,7.552709437,5.888921427,8.287442509,6.136603631,14264095,96,92.94574356
896,867,1.650843698,8.079409747,1.737036739,3.782766128,17613873,16,208.333379
370,954,5.645085036,5.812280486,7.612590859,1.97888468,15170147,80,227.2297049
805,753,9.902293302,5.224572273,9.581618751,3.429894244,10013383,80,138.0647066
139,197,7.298257743,6.194989693,7.655188149,3.04413011,14416435,128,99.12167025
802,102,1.593923145,3.931282419,6.855149048,3.600348318,13518452,128,42.78831363
991,488,9.365939926,9.841303824,3.611253914,9.056495285,13856011,128,71.5360167
373,921,7.428405336,3.657337518,9.868117948,1.215727879,14754384,16,355.414207
572,158,3.222909421,7.662715005,2.448230335,1.798985165,14827701,128,123.2955315
738,825,2.07231566,3.121952959,5.952501367,2.12994073,13578416,32,214.2979403
886,599,3.700896172,9.322115023,3.628945269,9.814139638,13740024,128,51.5771575
139,226,5.405941403,3.230266209,6.449213481,6.508225269,13032901,16,93.81439686
942,225,4.84438317,7.67643104,8.228296085,7.231121433,16299687,128,60.01749396
726,180,2.84998636,9.206535433,6.893999777,7.925017358,10808628,112,37.06111979
819,657,7.339779612,4.50944366,8.795233553,2.884213398,11393880,128,103.2096126
801,396,5.742638832,5.668643243,3.027200869,4.422276492,12950969,16,176.2331185
307,251,1.545088516,7.453933995,8.560877534,9.329674724,18171220,48,76.60191822
567,506,6.504049758,5.80396321,5.782622494,2.246652796,15686863,32,298.1448314
732,677,5.890779181,7.549928632,2.999971148,6.858887553,19006328,96,97.67493296
601,420,2.371289209,2.133829433,8.349486153,3.631719875,10624635,112,23.6433053
214,855,7.590839007,2.359881015,7.039269659,3.662173563,11521610,128,58.83050299
686,927,1.706911826,4.679128007,5.998639713,7.541937376,15151586,32,154.4349098
157,520,2.246213763,3.689419364,3.639215085,9.196584702,12327229,16,74.12542796
232,361,4.382810006,7.226831093,8.798839079,4.768803094,10284268,96,42.95259213
192,616,8.937468248,7.191832399,4.368056506,1.500862732,15072310,48,245.3951752
421,844,2.971634252,7.470684519,7.727878038,4.476752203,19266004,80,91.29296613
347,677,9.01603296,8.271542561,5.18441166,8.158131021,18386957,96,97.89600563
501,138,6.166826175,4.689144497,8.128615554,8.996272502,11211622,80,33.7025454
253,548,9.885227402,3.669324548,2.523032362,6.531694575,14887201,96,74.87773538
234,973,3.340501685,8.681325358,7.467466319,6.483344395,19912704,80,73.53607392
520,348,5.560201709,6.766732764,4.88827012,5.572912415,13011669,16,121.3789651
731,468,8.176811473,8.83691884,8.619314331,3.541541829,11511916,64,127.4037671
821,621,6.538144706,7.500500559,2.350698767,2.153128165,12622765,32,265.420675
825,519,6.255020548,7.701925312,8.736809756,6.230556932,13495069,96,77.46296859
865,231,6.129663702,8.483511208,4.712233953,6.923715657,17781189,80,85.72220826
668,630,5.976027892,7.755041896,7.135887509,5.334138951,13986805,48,120.7714767
558,631,4.381883022,1.385917037,6.625509863,7.496950589,16921563,16,148.8424656
231,969,6.68233805,9.4454417,3.625445484,3.416838428,18610135,96,170.1116233
127,183,8.951820773,1.018090483,7.538042321,3.009065638,15031934,80,55.26369834
502,220,1.065228634,4.887393444,9.643892042,8.087392889,10122899,64,46.6964922
307,346,6.96440595,7.904165826,7.220053691,9.845108378,12200330,64,41.55411887
511,164,8.009828827,3.650559177,8.120969989,5.181017657,16849367,112,71.1464572
407,753,1.930290521,3.782429152,5.494968657,1.834228684,14209572,32,202.0933969
390,385,5.022165476,2.210134367,2.587735941,8.951903772,17326891,128,25.0022614
329,175,6.15517754,2.032326367,5.06098712,8.801557652,18892424,96,29.85924363
629,410,7.162215771,3.258357785,9.689258055,8.476770012,16951924,128,41.92630029
346,460,4.105996474,8.696575591,1.933139424,3.410748799,11359775,48,93.67863059
545,319,8.210129572,7.888233696,2.73108542,4.332239417,15736643,96,133.8378761
239,848,1.558229667,4.503686345,1.468104942,9.550671589,17898445,80,61.60321808
930,324,4.906112152,1.05150684,3.763173064,2.903816258,11758164,48,72.92702675
270,722,7.226217515,8.495448252,9.835667828,6.456147804,13369075,64,72.75322223
331,769,7.219581499,4.80443231,8.358223455,4.598381812,11669883,112,72.19002366
486,944,7.168282685,4.885914514,5.255003596,8.885984242,19830160,16,196.1714175
824,738,3.641015532,9.692860039,4.795553359,9.11765809,16144698,112,63.24324083
327,526,1.246719842,4.621412022,4.401252394,9.118574156,19731416,128,49.89870691
573,349,6.229270419,5.92252678,2.618505552,7.950998555,19466979,32,151.4277527
426,882,4.663514369,5.145227823,8.57817021,3.71832638,14710735,112,88.55706501
484,373,6.878946313,6.681222426,6.482883168,7.633267413,16230881,96,71.21833181
116,804,3.450047797,1.176301131,8.072576603,6.191771315,11880617,80,23.41884851
266,712,9.953604839,7.826912687,5.299605435,4.45117741,16923135,80,173.9247513
917,527,4.914842327,8.375796149,6.953212072,7.8697869,13609645,48,76.24425554
240,199,6.702940025,2.926037382,1.416858682,2.18252518,18560369,16,307.1165137
559,550,9.318312642,9.569424702,3.254314936,8.798243112,10497533,32,103.0310743
445,558,9.53801691,9.877972562,7.200156009,4.954931411,17746143,112,147.7601318
383,209,5.434404012,9.722345797,2.845346342,5.835832054,18655725,128,77.76034117
400,258,5.75176548,5.381074283,2.18748362,1.113318525,12741363,64,201.7627509
540,306,1.551352804,7.412395199,2.565251514,3.958907089,18792516,128,71.86800051
141,306,1.763781495,9.711646724,9.045824815,4.333775908,13431963,32,74.58569527
717,961,6.471116263,4.595811047,9.257734344,2.179888779,16926998,96,248.522594
962,423,2.80763267,9.944014914,2.048154071,8.205988746,14270885,32,112.3015022
856,585,9.68561347,5.205788413,8.956630013,9.14704988,15029652,64,94.88745928
971,484,2.693660612,4.862397463,8.501722543,2.821862044,18390756,16,287.1647806
577,929,4.352360431,4.036677772,7.526907788,8.091360082,12057467,32,104.9856358
967,295,7.771478282,4.110953802,4.210889504,7.485951928,12881451,48,90.37423205
134,859,3.621423583,2.359005982,2.834080622,7.71256672,12892348,16,107.5879676
492,636,2.577200221,2.196777498,2.144903319,8.866223676,19080635,80,46.23826623
919,776,7.674808745,3.018123259,2.935386898,5.715004306,17661937,32,257.3173568
231,257,2.557897917,6.676613921,6.351245484,5.743429999,18946618,112,50.50844407
726,837,5.801791944,3.048858577,4.257023324,6.923883461,16265017,64,89.3409133
944,530,9.420120781,1.873730906,9.751117008,6.947214763,17467013,64,97.66412187
851,884,5.234167822,4.565948509,1.914719886,9.823225707,14422611,48,85.8133378
565,965,2.601632618,8.222162158,1.810814637,1.18148899,17851626,48,338.7622247
859,188,6.365050266,7.849206387,3.095082689,7.225678248,15265431,64,71.7380197
121,968,5.913410183,5.540236248,7.339782864,5.049533762,17206890,80,106.5305474
463,302,6.065672826,3.523284842,9.277718016,4.546779761,18398873,16,239.6127026
690,163,1.568862788,4.699998793,1.510465337,4.497592311,17888854,112,60.8218205
952,573,5.115861505,8.399964101,9.463957497,1.802771815,15549016,48,299.983964
211,933,7.932512732,2.169733742,1.957498479,4.021896401,10094762,80,76.15139866
461,683,7.28985852,2.239304886,1.503716336,1.56555179,14709624,16,363.9498656
357,117,5.97979835,9.808809844,4.039999377,5.506676119,17761649,112,80.91061068
420,272,9.889502232,1.359556595,6.666598952,6.017652392,15080413,16,172.1436815
185,242,8.899817422,5.386296182,5.744090468,8.759500636,15809243,64,69.82107425
830,990,5.733874316,3.884990961,7.294344007,4.127952063,12749202,128,76.74078989
887,971,6.047859448,9.008923539,9.443084407,3.527722945,10405806,128,106.6649921
810,500,9.804218162,9.875458867,3.624269324,1.122624505,15623799,64,279.5927968
342,670,1.099289754,7.854279205,6.644715638,6.383503821,19273274,80,86.93413544
529,688,6.226791799,3.980650735,8.152592139,8.476175289,13185432,112,39.56486487
479,461,3.877268142,9.165268936,8.113783987,6.202308804,11164173,48,56.83882141
438,493,3.62645366,4.94995356,5.021067931,2.541501348,15029816,64,128.572736
187,176,8.46724047,7.761218019,3.445077478,7.990354447,17480707,64,79.67939544
713,338,8.369226731,3.648773916,2.925344987,3.442247901,10722235,16,199.8984571
743,941,5.681082173,6.785027952,7.26925355,4.588185857,10854942,96,81.99696946
637,551,4.801638309,1.999082996,8.605080401,4.314233885,17000876,128,49.45317078
264,736,2.728339845,6.182654356,4.985112502,6.36818071,18427965,80,63.80333948
764,852,9.298635255,6.826819264,1.327814575,3.431055746,19027203,128,215.6030824
334,678,1.878740243,7.641116058,9.130827586,1.731053454,14829716,96,108.0583065
713,505,6.98030934,3.806886681,2.37075047,4.820164667,11396408,64,88.39050317
555,360,1.53886826,4.481779416,5.170902058,6.705236155,18188835,112,53.99052525
537,775,5.993605435,1.097881902,4.244428422,4.586958494,12138154,64,64.64877677
437,809,4.929352248,8.934630442,5.974282465,1.433196208,13110160,48,253.3461146
625,857,9.673509127,1.689438447,8.855472537,3.625911549,11093529,80,102.4344535
177,933,9.300521758,8.37665904,4.937633894,8.989549596,12121140,128,59.0227747
610,407,6.837904922,1.44851945,6.802048721,9.939073532,12509071,32,58.41959429
700,101,7.402000654,4.731297385,5.777471964,4.407386212,11734726,96,70.89053869
811,132,2.221533815,3.639281721,6.477861273,8.380937786,17758894,128,40.02299619
866,980,2.938904808,7.405314269,9.491974908,6.172232758,15878312,128,68.22627473
634,309,9.217574844,9.63086758,2.447305974,6.73086701,14338607,80,92.16909432
620,111,5.242391997,3.337333932,1.404113211,7.260337396,14091454,112,35.11443686
387,658,9.305751231,3.411304215,5.773527362,2.708673284,10051715,96,107.5251818
500,332,3.736369033,9.222246246,9.296576928,3.368676043,15468654,96,93.10778427
308,936,7.761665428,2.125048863,3.213369772,1.761368579,13515838,16,375.7295084
589,190,2.112464741,8.051230818,1.64144856,8.84831727,10344126,80,37.6641686
547,211,8.725911383,5.910355376,4.92165185,7.129100021,16851447,64,95.15363598
455,397,1.56786773,1.627983228,6.388622086,9.767341362,16093728,48,49.33143711
245,224,1.174190481,3.970168951,5.531431152,7.346169178,18977072,96,46.98766708
273,607,5.481335519,2.031965953,4.23138825,6.837983052,16698743,112,35.88752961
960,238,2.063400274,7.411169952,3.067876482,8.321286722,18856413,64,89.3467989
633,850,7.766204084,2.948680908,1.929983847,7.333236798,11306586,16,173.8932717
581,703,2.070474768,6.808106321,8.463834309,3.01413908,16887852,48,128.534961
251,352,7.704310552,8.50966104,9.730033418,3.714593976,14660207,112,117.6867936
325,971,3.169304281,2.559646019,3.889362555,2.410821876,19609079,32,281.7587647
617,855,7.157886781,5.363513657,2.360612256,4.399647995,11348563,64,113.0506687
406,199,9.130258939,4.403349098,1.243971218,6.897021271,19657294,48,135.2797537
300,645,1.849202737,8.731851147,7.53054941,8.299258834,12867470,80,45.40987492
476,102,7.476708561,6.239919689,1.019117605,4.023192215,19292869,96,133.4132688
568,374,1.286414596,4.808877649,6.469573564,7.448161572,14861611,128,45.30278206
831,141,1.989457035,3.147465407,4.123094458,8.767123749,15346150,80,46.33349872
253,956,7.326984701,9.035217014,7.978973845,8.626650675,14380168,48,83.57225537
379,414,1.459574541,8.950518156,1.178369832,5.554192515,16570106,16,117.6134248
734,830,7.298173205,3.986275291,5.849904157,1.729196881,18289170,64,356.0632942
714,841,6.703078244,2.838602796,1.008529264,7.918007883,13581850,112,45.13902617
895,690,8.850432776,7.890742335,3.503591196,3.429630259,19343150,128,226.51737
426,346,2.053543776,6.73523,7.865183758,5.004979729,13825280,64,53.69151306
427,422,8.652498792,8.149112787,5.894468534,4.108024118,19312474,80,174.0367782
694,603,4.768385582,9.319404131,5.708256835,5.138738299,17782935,32,193.2676458
398,698,9.682514846,4.039141382,6.235168572,6.868781816,18142185,48,167.3785784
351,920,7.434108498,2.106351794,8.091451491,4.230383061,18352062,64,151.0624771
709,529,6.768403228,1.6212402,9.823357403,9.212406307,10785646,80,27.55983448
319,290,2.693900745,8.11092389,2.429521831,5.324961036,11077716,16,66.8664906
924,698,4.590114109,8.962928553,1.276754229,1.118951887,13171718,64,289.4555871
803,859,7.794290811,1.844447445,4.792795861,1.709373625,18768075,128,167.2918062
114,547,2.046943361,3.756326599,9.654755773,9.962575971,16611692,48,58.54980493
387,335,6.121258058,2.314820134,8.609278993,7.048606738,18232686,128,34.09893346
570,502,2.354922951,5.140603246,9.590164338,7.434819495,11488587,80,42.09812903
133,611,7.992693803,2.67836575,4.968726677,9.950156924,11421713,96,29.30563712
703,841,1.769220183,3.246210556,3.422629364,2.240891077,11209045,32,160.6702788
378,306,5.422518964,7.307675914,1.133058278,3.029786999,17843884,48,191.9975793
314,720,5.868240488,4.251461245,1.53228995,7.783339814,12185026,80,46.12115526
503,102,9.287057939,1.825031859,3.295989024,6.196519357,10244575,128,22.0855515
389,509,8.256741235,1.232685604,4.391491484,3.460056292,18292978,112,76.33020878
1000,630,8.364325949,5.435746926,7.820785904,4.665322985,18805054,80,182.4675364
979,368,6.695445434,3.099012923,5.179083001,7.835766908,17916312,32,147.3597274
811,699,9.246275153,7.069973065,1.550926409,5.899353818,15238439,80,130.4275553
504,246,9.447912111,6.904122756,1.530332454,3.688500161,18753071,112,168.1364775
877,697,1.103618574,2.753915401,9.289054993,5.219148311,13444072,16,211.9407632
621,453,2.922662415,2.291440392,6.16473589,2.470854875,11139827,96,47.35345244
677,866,9.494375061,1.220695624,6.804462222,7.357073211,14176512,96,53.70322585
734,290,1.250349122,5.830268144,4.512059994,2.413086047,10127397,32,123.8918943
533,969,8.945363838,4.021586969,1.642083123,6.039510364,13691480,16,244.8010445
796,319,5.751602375,3.36887352,9.436276561,9.155028405,19555374,128,41.73025537
805,717,5.767777666,6.375779728,4.469445741,4.294513718,14447774,16,219.097585
975,384,6.127739039,5.089607318,5.460658362,6.294076437,19549614,112,86.35457921
974,840,3.975075745,1.410682665,3.633422035,9.381621061,19025964,80,49.5552671
373,195,3.955811276,6.543556026,9.213622453,8.485974031,16506194,80,48.17459321
996,855,1.58408427,2.078645994,8.95471605,4.418995708,17103688,112,52.3430686
149,954,4.643741338,4.800978379,5.600328905,1.22850467,13359946,64,236.0823793
602,786,7.952775098,1.884393118,5.069700651,1.242151124,18671242,16,530.027504
955,889,7.172228232,3.03450919,9.553095936,2.625133448,12318971,96,138.6814227
991,402,2.158796933,1.280398507,7.130206449,6.334958258,11052777,112,17.53758955
257,140,4.87468315,7.473992401,7.288333332,9.804150706,11865150,16,57.40212369
516,816,6.616295139,3.690622613,3.170950603,5.148851479,16686793,16,269.920543
969,789,8.592885893,9.610965101,8.584434186,6.36318152,18459241,112,146.0676754
955,886,5.158848249,1.050255699,9.208982585,3.026947751,17171268,112,82.28784728
577,128,7.366470627,1.725454593,2.433381731,5.859113962,14129787,48,60.05792522
817,801,9.531461853,3.087823218,1.180639329,3.567533454,15269665,64,214.0749581
316,859,1.541796886,5.661157922,8.22240622,4.16184428,16194782,16,136.1814787
179,596,3.388090856,4.470385912,1.274788856,7.760440653,16696933,96,42.77825665
297,835,6.082395438,8.559277258,6.656957181,5.376589303,13868384,112,78.35287929
976,201,1.481407872,4.282630456,9.482688542,1.724753817,19873729,32,326.5561562
472,523,2.499554056,6.828755592,8.185101056,8.772193477,19359343,96,64.32078671
163,719,9.632196815,8.467000406,2.769773039,7.500684226,13795508,48,104.4799411
855,680,2.946317939,1.312401666,9.935659879,2.246991726,14567048,16,321.3312566
206,837,8.040598628,9.021230128,9.469013381,1.818057232,13947371,96,210.8921106
129,444,1.434696622,2.105828718,3.496209332,9.512380737,12638418,96,19.5722456
766,378,7.756965746,2.686251203,5.740043595,9.244500041,18386738,128,45.4259541
795,469,9.602071865,4.699654715,2.191965479,1.834234346,15760628,112,218.1645982
654,634,8.342456032,4.707337895,5.802097998,8.564437005,16178473,48,117.5777478
885,885,7.553484696,3.694228402,6.703315353,4.503206823,17890374,80,163.6575532
916,932,7.808155804,6.522326476,4.586393529,1.978539743,14505214,32,350.4998195
683,864,7.063076575,9.390284413,3.085398921,2.369947655,14669954,32,303.5581334
122,632,5.140200888,7.205470038,8.285171771,3.239860634,19793045,16,251.5696526
531,292,6.455954561,6.121185878,9.145797658,5.279476714,18818868,48,147.1084974
485,124,2.737341089,3.52070974,3.655950471,3.552759196,12496088,96,44.53104568
858,547,7.486592866,1.230887302,3.303152752,8.45296789,10514781,32,67.79438901
156,961,6.867797045,7.634753369,2.413746726,9.08834438,11466165,128,39.85438895
102,949,3.665293927,4.1695626,2.150063198,5.452570083,19693896,64,81.80499816
422,224,6.546986998,1.42960065,6.154969303,9.309204176,19264612,112,22.73669267
426,223,1.17016436,9.040449578,7.664272867,4.359365459,10355065,112,45.18316913
378,683,7.983833968,6.22202574,2.326948286,3.163262311,14159653,128,130.6350224
466,255,1.278602895,8.196571819,7.596505985,7.496026619,13584362,16,103.0552053
491,933,7.386233169,3.148142483,5.409522582,1.588433205,13624520,112,170.6821494
254,530,7.519676302,1.314557208,2.687919345,4.953974404,16874597,64,78.78535986
856,626,8.231010544,6.793495406,2.946939249,2.351078971,14364520,112,206.6648829
635,576,9.718119334,3.739498365,3.442306205,1.359663453,12885628,32,227.2014897
114,183,6.79441143,5.360900385,9.628291939,9.842094692,15767560,64,47.19651532
180,185,5.560288419,3.719044115,6.622602354,3.350404784,18619650,80,102.6256318
393,215,2.355299914,2.88931757,5.767112575,9.387081198,14988395,32,70.17402077
331,708,1.131032276,6.626149981,3.684944502,6.085742191,17471053,64,78.9034915
164,148,3.617957235,2.801545589,6.433625144,1.273479559,14714473,80,101.0795522
126,556,8.433255276,8.072822045,4.162402643,5.732260999,10253578,48,84.24236321
982,692,9.298746876,4.967210811,6.133611715,8.261261302,11661092,64,80.1266396
568,316,8.50477681,5.852757301,7.110926844,2.293776658,14148117,16,242.3696899
944,843,1.531844621,4.040923868,6.849076108,6.7283231,14279819,32,163.8773458
372,672,7.831910372,6.376900067,2.948300735,4.915900019,16936805,96,125.2036293
743,828,9.542296957,4.368789098,8.388684146,1.546478783,19774060,128,267.5461748
898,481,2.095577792,8.088462547,6.815252699,6.120553393,18897143,80,91.20815396
936,113,1.204861089,6.292754605,4.523448929,5.815561745,12766966,16,145.3688669
302,123,5.457877888,3.315691609,4.22942361,1.289443366,15767406,112,120.6083689
783,416,6.073182461,8.009817021,7.150674292,6.232252755,10756050,128,50.80327392
182,885,2.707601735,8.166068449,5.187179977,9.947056024,15251404,96,47.41349626
181,403,2.900450805,9.710453399,5.424043452,1.907177119,14858222,128,101.5447524
989,677,8.609162383,2.4646476,4.579923009,2.591458288,17358887,128,138.0285854
156,545,5.637740464,4.829532667,3.908417271,9.728058755,11005391,64,36.26431632
559,158,9.633008388,1.00716186,8.380443597,9.756319766,13232091,64,24.23998165
457,346,3.62162049,2.230353406,5.309354126,2.192015761,12392599,64,81.15555573
426,717,9.178408166,2.015339948,4.805110633,6.726573268,10608251,48,79.94478774
624,649,8.667889926,7.40396751,6.435041276,1.792243438,19361928,128,304.4552174
946,964,4.467180577,5.707815585,2.88818872,6.612549129,19752511,48,149.0014026
415,511,7.519024431,7.517485635,7.933569461,8.280913518,15509184,64,69.83776093
764,664,1.236560077,5.659891454,9.274264036,3.855346891,14183235,80,84.55062532
682,422,5.141281522,5.045162389,7.027262908,9.224827694,16490430,32,116.0020225
717,346,9.272527588,5.972711637,5.853150641,8.183093547,11352292,80,61.66251349
370,347,9.373147689,4.996117936,2.585460025,4.438394861,11541074,48,128.0732286
151,630,6.366501765,7.602474506,8.791687633,4.24833802,16367564,32,194.3968055
717,935,3.788892472,9.537876733,2.181706357,9.909508848,19189837,128,69.35301352
960,703,3.531096011,9.291519574,8.990162798,8.624300005,10438603,16,86.13600326
654,594,8.907904819,1.760773218,7.918548927,2.607945504,18365838,112,129.5727746
239,494,6.62090074,2.459098019,8.893728844,8.946544083,16248220,32,91.8998456
946,379,1.640048053,9.207293973,7.705531457,7.959096819,18385817,32,178.3379438
536,364,8.085997977,4.404756535,1.238929604,9.049029969,16736134,48,100.5269494
651,940,6.228117834,5.529802443,9.411230015,6.616262268,19019172,128,88.31895947
199,565,7.216951057,3.586001056,6.824489756,8.329353578,18531219,112,51.39939785
853,747,2.885153963,2.2809659,2.563801568,3.764242831,13736378,128,40.40687704
211,644,4.065541586,6.751149862,3.410492298,2.771306474,13462990,80,101.4914451
154,978,9.896291955,4.563889604,7.40462837,7.310189514,11388793,16,162.1664925
129,820,5.287019655,9.414790256,9.698123532,1.16535961,14471658,16,240.5222394
750,761,5.913911495,6.358620205,4.78944886,8.257285073,17860565,80,89.75349808
281,120,9.354641745,3.596755104,5.861964096,3.696614697,14900040,112,81.59069061
824,978,7.976366566,2.485488729,4.157379552,5.383582012,10918951,112,59.91314435
534,640,6.776979125,2.980951132,8.173809903,4.885533444,11880790,80,72.69607329
593,141,1.684745845,1.207402079,1.364672343,4.228571373,12235876,64,22.18991923
674,552,9.996800627,8.363897965,8.483905946,4.14519504,19581794,64,223.3770721
951,543,9.725356067,6.123904334,6.339873219,9.689228659,12530918,16,134.3147342
211,694,8.775711166,4.39028028,9.029786046,3.084090514,12355875,112,108.7467859
360,740,3.880528908,9.451867286,5.980766257,5.536651701,18607198,112,78.68998265
143,776,7.549505785,5.540547426,4.614176312,7.015416026,17140305,32,172.750762
379,789,7.723100764,6.461072692,1.312953833,7.68049636,11042456,64,61.32169437
100,800,7.688561519,4.232208935,8.79958334,3.512459042,12787192,128,82.97420692
797,692,2.568091717,3.025864684,3.434977757,4.704668327,11914397,80,49.54879332
963,338,8.637230841,4.600480286,1.695907742,8.085985733,14642825,80,74.86040711
985,323,1.287133086,1.864937391,3.922730397,6.597425402,18839380,64,69.61805177
968,190,3.562553887,4.435308979,7.9307648,1.125055219,16099399,112,187.6192076
365,596,3.816022244,1.018341124,6.396532994,4.332219417,19131399,112,34.81600046
701,858,8.932751865,5.384699575,7.116535392,6.739591381,17920154,32,272.3227253
165,385,4.564204836,7.014717717,2.169290302,3.907364144,10696125,80,56.1557765
276,733,3.78568204,9.569151023,6.325593266,5.684125337,15883115,16,117.3472259
987,473,4.901734339,5.144205744,9.950312688,3.046187742,11654184,96,105.129056
103,760,5.857106897,8.111013841,6.479250163,6.507688078,17030138,112,68.61627698
911,598,3.414987718,6.137248163,1.852319369,1.511379881,13237053,48,268.2029321
165,343,2.207005875,2.481915772,3.643866541,4.520095795,17728953,16,119.3994505
433,301,6.306360776,8.721964707,3.141697081,2.671795934,17338744,96,181.5215385
558,418,7.987455736,4.5662242,9.4944583,3.628238409,16049063,112,117.7739339
307,721,1.066812645,1.62297332,5.732013462,3.543985142,19826484,16,204.0698667
108,648,7.370437304,3.71432261,5.805919644,6.101731296,19085094,16,226.6756423
669,718,5.337150828,9.693429674,8.384015448,1.270865444,11402347,48,234.0794702
463,437,6.916035558,1.256452133,9.865919051,4.809536114,11994976,32,91.68013144
964,240,6.137576485,7.035944323,6.946249435,4.463893414,13546863,80,99.1264267
504,732,9.324994974,5.150994867,9.211004324,3.412115073,11255386,16,225.3718617
990,673,5.682643329,6.524763373,7.761115445,2.40637019,14934503,80,207.9241345
242,921,5.177404752,6.961336056,5.565751567,7.13390719,16940110,32,134.6793571
806,444,6.627297581,9.260161732,5.467737257,4.872028721,10363114,64,77.90860581
954,334,7.956965748,5.888927036,1.281973601,7.521492817,16296414,80,89.70089865
107,884,8.276454537,9.735471585,6.713143279,6.762791334,11969111,128,64.48990107
864,145,1.392010334,4.220170797,6.13993591,4.543895099,18467947,128,65.12490511
832,786,4.588998489,2.294656577,9.090180519,4.328948901,12223225,128,48.37526631
571,396,1.771193541,5.698678106,4.230938974,5.214238423,12546925,80,51.79201937
895,311,1.987478425,6.019537818,6.457296389,3.377552684,19845639,80,111.9879866
628,286,3.434039866,2.29083079,9.694614948,1.466933132,16213455,80,127.2084231
472,325,5.791281942,3.693380523,9.926997911,3.46910699,10071291,64,77.69747949
303,462,1.320983723,2.644639323,6.90101019,7.582873011,17265783,32,95.9415555
732,299,9.64698366,7.976872462,1.28868089,8.815314818,19002524,96,96.03215694
146,539,3.82290406,4.418192714,1.328314004,6.631974401,17573096,48,74.35914969
307,915,6.981616664,9.545976237,8.880002652,6.861668717,15566075,96,81.9711616
600,610,9.663575483,8.076438334,1.020720276,3.057150258,14681329,128,182.9176056
549,196,5.902155027,6.550974727,4.872909306,7.089250597,19768116,16,151.9644845
623,132,1.510751651,2.811131541,3.958283706,7.226769933,16372742,32,96.55392313
122,117,3.36667785,7.751422611,3.523182629,9.878705433,17080177,128,36.10930657
361,245,2.940824792,1.003409067,9.60466699,3.107605471,10167423,128,13.10487938
634,342,7.057058493,3.380072462,5.441141398,7.07471916,19029070,80,78.44440174
851,779,6.006338697,9.826032016,7.256212152,4.996311983,18888865,112,140.1908901
730,999,6.460466366,7.155287421,2.900847737,1.750194616,16819850,128,277.1504333
399,927,3.409873567,6.190762127,1.889999403,4.921245152,18432319,48,116.9303269
892,571,1.622403323,6.742435647,1.672437992,9.112325227,14198508,32,143.6759143
513,528,8.62521804,6.73361693,6.650242607,3.534045974,18639181,64,216.2191041
638,683,7.808810919,7.763497064,5.059255602,5.836715728,11200715,48,105.5710082
868,221,1.748158036,8.332577727,1.343757085,8.30069828,14234403,96,68.09110641
244,565,1.007243817,4.939755823,8.258282589,8.288625076,15925927,112,48.36338377
892,407,7.524221895,3.050805255,9.729122322,9.419509299,17178086,48,90.45969319
909,887,8.424213681,2.527597418,6.815389972,7.539749309,14935188,32,176.867547
143,729,6.816684071,4.195693211,2.586437516,1.489158461,11610636,96,152.25822
580,162,3.952702127,5.429185881,9.17895543,2.010819992,16827653,64,167.2243369
413,715,5.614273239,4.099692434,4.814388865,3.505841877,17215186,16,297.1070573
621,188,1.886552458,7.035175041,2.778784841,9.880735847,15371258,112,53.40092134
456,227,6.312808824,8.158461863,4.795075445,2.507607029,14337642,128,135.0089464
847,725,7.757422899,8.752044423,1.595689671,4.910162805,14520131,96,132.6799481
603,621,5.89905462,9.741448031,9.798574232,8.979483345,15247851,16,109.7814867
587,852,6.141447456,9.378795188,5.450917456,3.674491947,19028623,128,170.5322797
130,828,8.263588781,1.388934423,9.95840741,3.563169669,10469217,64,90.63849521
953,114,9.462397751,2.05024426,2.187501386,5.932176092,12780839,48,80.66801763
838,127,9.379860068,8.996437584,5.425122252,7.557468456,10678095,48,81.48791862
637,115,9.275193126,2.726101965,2.318944858,9.671997556,17473057,64,57.67054367
193,977,6.008164277,8.974203859,5.883427567,4.810783256,11401022,80,72.47966909
548,799,1.136041487,1.503899224,8.152328335,8.078027305,17019544,80,48.7172215
698,936,7.107922309,3.762942527,5.893591245,8.540352978,17605160,48,126.6444242
205,821,1.355655311,8.813726989,3.101531911,5.039939588,17976371,80,67.13632107
896,765,1.469204156,4.112140402,9.553207825,1.079215822,14993472,32,404.5992873
822,927,4.888636824,5.902811161,8.832334555,4.179532025,15332945,64,135.0668612
399,532,6.567896595,9.4788715,9.588933721,9.187717247,12981078,112,47.3414185
802,461,8.413828595,9.155105492,8.009212115,9.720440494,16823020,80,82.68206811
346,787,3.187721548,5.417611905,7.97144033,7.132352859,11172690,96,38.40880823
520,899,8.798919701,3.391014548,5.454362335,6.922667021,16157683,16,264.131923
133,439,8.376621277,7.673842109,2.856624948,7.91262995,11203773,32,94.2406559
321,983,8.034869698,2.534445683,4.791739827,2.096893091,15894721,32,293.2712293
601,165,8.771527064,2.785577996,9.972355245,9.526287814,10933432,32,67.09622908
854,351,7.903021423,2.904070873,5.61797301,8.400205915,16236059,48,94.33419418
656,735,6.067477087,6.147338884,2.252170758,3.904409642,18172196,80,164.5413771
468,878,1.754249737,4.90685301,9.955250303,3.703835049,11719887,128,42.20293188
719,716,7.52771578,7.654261483,1.924081473,5.101752403,13498801,80,110.6808112
234,471,4.010089522,2.405399033,7.364849878,6.905750227,12806797,16,96.77447271
242,930,7.447877034,4.780221572,3.493753642,6.667053426,16235398,48,132.6517282
906,391,5.117331661,3.316479417,6.778882535,3.320882725,16406353,32,229.3024669
232,871,1.599030095,6.140327052,1.848090659,4.654012021,13407761,64,54.86267996
984,879,5.193003655,7.045936515,5.41099193,9.390410161,11015994,64,52.89319754
821,393,4.491229275,6.063677484,7.109292375,8.058262366,14422518,16,114.0427825
413,729,1.102367544,8.901539079,6.468522099,1.857212772,16528182,48,125.9406991
794,108,5.295840562,2.216783027,4.172401936,7.709504713,11306008,48,37.54093528
833,520,1.154327712,6.490030119,5.332244875,3.174429655,17883759,48,159.8713777
876,973,3.330617315,5.911893357,1.614688202,1.79810329,11495287,16,298.9345191
968,115,7.542079697,1.105615663,4.900516011,9.080695061,13826257,32,47.63773537
963,475,7.925699388,1.518477798,3.885425732,2.984787891,18023665,48,197.2939453
625,212,2.511389675,2.381698084,3.909134793,2.055678897,13924339,64,78.90794206
467,483,2.963626789,1.934188185,8.101935832,7.199381352,10769536,80,23.43833113
437,163,1.580224206,8.151096288,9.087561131,5.172669208,15042969,96,55.66419792
616,458,3.500640364,2.552906283,2.087319582,1.632397905,11285748,96,94.61659122
532,518,5.897736854,6.318689798,7.015789353,7.888824812,12061463,32,104.7989438
310,398,3.454021971,4.25593313,2.555313194,5.428320024,15733500,64,57.87668228
806,584,7.834963603,6.427121054,8.588122064,7.612033428,15425346,64,96.85085225
409,728,4.129516806,1.416779732,7.471939235,4.976250784,19435119,48,93.9677949
102,237,1.08729394,3.781641326,9.45894988,4.713330356,12149855,64,36.14060092
102,501,2.192606613,9.355850324,1.369642251,4.491358801,16266394,80,51.24961853
380,756,6.983549626,8.397835537,9.037639446,9.093369119,10758873,64,45.87411427
198,541,4.044467976,4.109255755,5.643500295,4.555641673,13296385,64,62.20386004
954,990,8.371768316,4.01810911,9.648538789,3.872695982,15860156,96,162.5121489
533,406,3.761264742,9.682684735,8.183673443,9.146555438,13169638,16,80.46053171
725,876,9.704119026,3.974678273,9.40415443,6.526513143,13638833,48,155.8113708
326,971,2.072599355,1.179200629,4.940407054,9.096811765,18430450,80,40.00662589
301,226,8.046074623,9.085041832,3.902259687,3.899992726,10277000,48,104.7997725
336,809,1.194846451,1.357905137,3.53481155,7.07920136,15983954,64,45.61229372
216,317,9.265578471,1.691160496,9.815247129,1.232736535,16919890,112,100.8216538
762,378,5.121549688,8.066033821,6.33235878,7.824011114,18685305,16,139.4077542
934,629,2.926774343,9.227520672,5.364682897,6.531872953,17235078,16,149.417228
178,616,8.829996542,7.731279775,2.845827512,6.757245267,14237613,80,87.83394408
733,284,1.736884767,4.196128712,9.66909519,7.533452401,13905076,64,58.08121181
560,385,6.638640487,2.220633353,6.753576494,9.032886799,11509975,16,99.27962494
628,911,4.322745941,7.051853925,1.348342843,1.821684149,17747673,128,212.7742572
435,214,2.407723234,7.754754831,3.248008659,5.199625235,18325778,96,63.67409348
563,450,9.077396836,5.434996654,4.500703525,7.035400895,15319905,16,182.0205474
397,699,5.403367068,4.099154602,9.367622339,6.797738227,14851930,128,44.85007977
944,314,2.968092159,3.387582759,6.50803296,4.665773808,10325280,96,41.14218068
683,181,4.506807395,7.765536556,8.876284923,7.735337955,17146130,112,56.47757721
104,135,1.824253122,4.98348214,4.414744192,2.499689716,14645904,48,66.42427611
903,498,2.841088877,2.311893227,5.225397755,4.865427238,11367114,64,45.51461506
780,790,1.618278634,4.334865441,6.454891954,5.776359986,14522918,80,73.09374213
205,554,2.14292668,3.720306534,4.894354376,2.073875987,19573756,128,70.05363631
373,622,4.522025896,3.379053328,3.517295355,4.122752007,19864796,64,118.4458041
245,271,8.883803592,5.904591347,6.788805217,8.321276091,13975959,96,57.94060063
770,627,6.642413513,4.288715747,4.997340082,5.551189879,11929964,80,74.05552578
938,385,2.663260434,8.077813073,7.06770392,8.766845944,12681452,96,51.67590427
685,639,6.301521956,4.404548817,5.821584087,1.978559303,16398018,80,244.8810947
995,624,4.513640609,1.568610313,3.244777754,7.965902228,11194202,128,19.27149868
770,979,4.416180756,7.158714451,1.89824306,1.811994543,15113066,128,199.8966141
604,718,1.75650871,7.955549697,9.779951938,3.893824596,11080201,112,53.37071633
515,665,9.954094933,9.60586705,2.102680967,7.244893204,13824358,48,119.515003
113,725,7.574937462,9.012868291,9.999438115,9.862024019,16173544,112,58.75023174
462,457,4.932353414,2.965415222,7.443946595,5.212868176,14773756,128,39.22908664
158,613,8.218395461,9.2196893,1.241052613,8.792698922,19030982,16,146.5904522
868,291,1.506119687,9.665813189,7.185880085,3.95284546,16421076,48,120.0587268
542,871,4.126762605,9.772766552,8.076629143,9.200864956,11942724,112,42.34632039
582,232,6.209788559,7.008460591,2.991429135,7.07830932,16550505,64,71.91415906
529,457,8.2292985,1.58401907,9.503570422,2.14445674,16840955,64,170.7290025
876,651,1.609250989,6.452615875,3.513834477,6.625189723,12895296,64,71.78521132
854,773,9.458880364,3.303114738,5.778176793,8.253561987,18832329,32,228.10797
108,789,6.815765264,9.902598805,4.844465035,7.596473513,18419567,32,138.385601
453,560,2.286729333,6.504411246,8.298360485,6.490062826,10681574,128,32.72021937
463,139,5.085282609,7.938852701,1.72665177,2.207031441,14478229,16,216.0822728
299,875,5.870437913,7.15348132,6.491316084,1.11374115,18249432,112,304.3885975
580,602,3.075359361,8.655221236,8.777085862,5.937438535,10425013,48,55.76523066
231,348,4.041243368,1.586296077,9.047134133,1.372326352,17959337,112,81.23683906
299,692,4.60909472,9.070145877,3.513670743,7.805786388,18880799,64,68.60623384
147,489,7.92869695,8.268534055,3.38601481,3.937904317,19627285,112,157.7798505
644,500,7.691650694,4.009777295,7.221977133,8.097210681,13181088,96,52.6074605
617,208,7.155189241,5.394889112,5.517345333,6.671898201,15760710,64,80.56103873
867,306,5.252533984,2.192912185,6.450624619,6.613749176,13571112,64,51.98400331
977,303,5.622530574,6.119628561,2.801902602,2.896963202,11353760,128,91.86182785
173,539,2.52357715,1.585591472,1.935659328,3.796301462,14200175,48,48.13397193
842,309,4.222607616,9.735069019,4.134894778,9.483923828,18410277,112,63.06427932
396,515,9.82774951,2.280553261,1.200560093,5.839001882,17836274,16,291.4200823
931,859,8.90526581,8.948852726,3.295125196,3.432868566,16769816,96,239.2222342
446,913,9.603879956,4.454483563,6.604472505,6.071754705,12558918,80,103.4198446
616,796,6.698964203,1.879441064,2.931739627,3.551307169,19104312,128,91.25123477
150,880,9.031169046,7.856951063,6.194155037,6.658748488,19532319,48,162.2306283
137,354,7.48033568,3.288991031,6.62739512,2.254617152,17995706,80,173.3790188
262,397,9.585228268,1.383586862,3.306567583,4.63349252,15106834,16,219.4098985
828,642,1.896673052,6.816347775,4.548478197,9.240047307,17283332,112,72.10378051
517,325,4.394290177,5.462816137,6.801570628,1.392422897,13669533,112,162.3104129
653,659,2.937438697,7.26049272,6.908506153,2.43959424,19235524,80,163.5012071
818,203,3.944885256,3.448580288,2.385160632,4.611445418,15797462,32,131.6627498
390,588,5.219812961,2.272693066,2.619526198,4.96994256,16390376,128,42.32708526
905,528,2.556882346,8.068419404,1.98606101,4.034659592,11673842,32,127.2177105
181,734,4.234723303,3.48321362,4.77539048,3.190311082,11964192,32,140.5373101
548,249,9.319348863,7.957310247,4.249073306,2.784471029,18836704,112,216.441057
503,275,8.882996586,3.181946224,3.443211902,5.067257797,11856694,96,60.46658015
203,158,3.900087981,2.26019911,2.957075978,2.873176393,13583678,112,37.64133453
638,300,5.11461245,9.879298001,7.66537154,3.685298954,19732660,16,245.4113123
664,833,4.892341467,2.442282005,6.419212535,6.748394227,11432022,16,145.1371422
357,324,3.34378684,3.003118437,6.795701114,7.245137401,10853639,16,73.07597542
400,308,5.398203923,2.399243193,7.520726305,2.470462838,17618142,64,131.5699933
986,147,9.542746079,6.380793045,3.535873502,3.233135285,10270841,32,172.8871531
208,631,7.961233878,9.825513512,2.22908543,4.510254163,17656441,112,134.8076477
592,556,9.551654411,8.229983215,4.028659962,1.017609759,11399232,112,191.7329438
297,400,4.579989977,3.847705403,5.930117113,1.754763675,19668232,112,158.2849
706,785,1.523449334,3.631117124,8.116859271,4.036763747,13871676,48,101.629462
642,809,7.594695084,2.860171382,7.655995203,4.490673281,12835423,48,151.0856466
664,951,7.015354558,7.244194703,5.08645872,6.202343717,10099056,80,70.50522661
562,109,2.258828434,4.790371915,5.79260545,1.132932555,12548390,32,237.6969678
138,352,7.327244796,3.050466971,1.446095279,3.790280195,12717574,64,90.14879727
734,965,6.443457434,2.794234232,4.381289025,7.340678683,14385959,64,81.60775828
872,163,8.19640757,8.951973844,5.9218607,1.808403526,15898258,32,270.2322247
168,738,6.153065182,2.577477363,4.304560496,1.813392054,19728001,80,208.1570539
483,598,1.916755098,3.583231709,6.781306945,2.966223188,10118291,128,30.39557028
645,658,5.140614447,8.747653848,1.8796749,9.219509799,10514864,48,57.17625284
319,641,8.58559068,6.875144054,6.038883037,5.314934728,14694447,32,205.3264048
322,281,8.876090947,5.388754123,9.335102019,1.778890386,11316635,112,133.356595
657,979,3.271609734,8.92340306,1.070874034,8.629718037,19936295,112,76.61340427
615,802,9.887290316,4.963934235,3.309163607,6.883828823,14776957,48,160.8527911
228,470,4.432133183,1.325562816,6.727091586,5.593419294,16554500,16,133.1635792
510,959,9.354402763,9.730631497,2.894578339,6.756433726,13370752,128,94.40420222
485,558,3.586728946,2.541127752,2.091919291,9.316306077,12192258,32,68.92779779
782,871,4.942595326,1.703909108,6.255311733,5.124524007,17964869,32,184.0355096
905,130,9.594165532,2.448441339,4.250995523,3.001402211,18855534,80,143.4401219
697,205,9.068996269,2.304964166,6.502112081,7.344785268,13751904,64,57.34187889
313,180,7.657485662,8.000258339,7.700895938,2.135462142,17051123,64,207.7883506
478,944,5.130783891,5.507064655,3.15428927,9.14651223,11809693,112,38.90081477
794,245,1.022643667,9.715438536,2.750846947,6.236976601,14656545,48,122.1193228
975,371,7.443000743,9.286286786,2.919366093,8.114803726,17530598,96,87.03186989
667,469,5.760723666,2.88202044,8.972330025,9.397673405,18551044,16,167.4219558
127,981,6.881440456,4.313329077,8.574362678,5.909358168,10622948,16,138.7805529
933,448,5.596553211,1.177919369,8.720645035,3.858124836,12959859,32,113.6619771
880,890,1.359900677,7.740792835,5.256422135,2.443946393,18620825,80,144.7104809
956,766,7.479519762,7.006715546,1.07115834,7.542132624,19570316,64,124.7885134
785,396,2.907798743,4.941234976,4.042259739,6.623304997,12433597,48,67.50483704
195,498,7.561963715,4.75205356,3.112658074,4.73224141,14528084,48,132.0545955
185,451,8.10732008,3.282286011,4.460324051,4.706432116,10011519,80,63.26814508
697,434,3.019006509,8.569379152,6.311186113,9.463070533,16857787,64,62.25942802
745,328,7.276765248,6.972302908,6.023765439,7.748093127,19617254,112,85.94140077
694,948,8.235583203,2.182176352,4.552417605,6.861686751,19503090,32,240.5569372
203,521,3.943792143,2.848881313,8.428435611,8.03071221,19416725,112,35.3721323
434,760,5.156685621,6.469913466,8.297339634,6.923654595,18507049,112,73.04048443
359,917,3.872531731,2.765345682,8.269545194,6.078937558,11498111,16,126.9984088
836,655,8.179576786,6.760679204,1.751499153,9.273161166,12952346,96,65.67575192
